SHOT,TIME,ILH,P_LH_candidate_MW,P_total_candidate_MW,P_total_aux_candidate_MW,P_loss_candidate_MW,dWmhd_dt_candidate_MW,Wmhd_J,n_e_1e20_m3,I_p_MA,B_t_T,q95,kappa,delta,hydrogen_fraction_candidate,helium_fraction_candidate,Z_eff,n_Ryter,P_Ryter,chi_eff_candidate,divertor_signal_candidate,divertor_signal_150_candidate,fragment_variables,fragment_count,canonical_event_rows,event_time_min,event_time_max,fragment_subsets,fragment_roles,fragment_component_ids,fragment_tags,P_total_level,P_loss_level,n_e_level,helium_fraction_level,chi_eff_level,divertor_signal_level,provisional_family,manual_label,UNNS_reading,review_priority
69807,1.470;1.940,0,0.2181039096435065,0.9508180284635364,0.7399053279999999,0.7777863414999998,-0.0813564129985993,8733.95563616071,0.2673674146918731,0.241532678715796,1.441138545079667,3.216372785114106,1.5705765939894172,0.3680771646045502,0.1089703072053784,0.0249609750760207,2.103931250968293,0.3853400679694674,0.3657517491749144,2.6193409825892164,0.0186898950010699,0.0202883292449533,P_loss_candidate_MW;P_total_aux_candidate_MW;chi_eff_candidate;event_time,5,2,1.47,1.94,all_events,singleton_isolate;minor_component,2;1;3,power_balance_branch;transport_branch;timing_branch,mid,high,low,low,high,low,Low-density non-LH transport/timing corridor,Primary mixed non-LH transport/timing branch,leakage/failed boundary-route candidate,inspect first
68001,1.159;2.030,1;0,0.3453366333121646,1.1096095126409329,0.9348797422499996,0.8687542881499997,0.0529370508597179,10071.609061610376,0.5067990692140174,0.241439623205457,1.4371354978908104,3.2304974562386297,1.590851268536309,0.3716511931231796,0.8408821255876213,0.1067718001290139,1.679447480898911,0.3911788233133881,0.3659210590646283,2.2334973767034327,0.0888251086448937,0.0742608605053761,P_loss_candidate_MW;P_total_aux_candidate_MW;P_total_candidate_MW;chi_eff_candidate,4,2,1.159,2.03,all_events,minor_component;singleton_isolate,1,power_balance_branch;transport_branch,high,high,mid,high,high,high,High-power power-balance/transport corridor,High-power power-balance + transport branch,power-loaded access/departure comparator,compare with 69807
69668,1.580,0,0.2160707583549026,0.7443115677754822,0.7586760722826997,0.7793577538713998,-0.0180013788396823,7722.323308771305,0.2658988775746811,0.2398126518967662,1.4469436227203918,3.198707125403664,1.5625276077877392,0.3667409975420345,0.0867539527559576,0.0251548334694044,2.2249033452979234,0.3866238638078051,0.3649227285693171,3.041843110257623,0.0187466323537471,0.016003213251487,chi_eff_candidate;event_time,4,1,1.58,1.58,all_events,minor_component;singleton_isolate,1;2;3,transport_branch;timing_branch,mid,high,low,mid,high,low,Low-density non-LH transport/timing corridor,Clean low-density non-LH transport/timing isolate,leakage/failed boundary-route sibling,compare with 69807
69892,1.206;1.838,1,0.3735237740348118,0.9636622836662984,0.8412851199999999,0.7191280574999999,0.078544110126591,10887.057617187498,0.5656014141773016,0.2410111073149876,1.436432370759098,3.230781696059487,1.5896343507549977,0.371508620002053,0.8517882739447695,0.0402662539551839,1.0664394810327198,0.3913134694351079,0.3657113563912892,1.62383328084324,0.0894551955360695,0.0897342044695456,divertor_signal_candidate,4,2,1.206,1.838,all_events;lh_only,minor_component,1;2,edge_divertor_response_branch,high,mid,high,mid,mid,high,Edge-divertor response corridor,Edge-divertor response branch,boundary-response corridor,edge trio
66445,1.071;1.948,1,0.3814678569880995,0.9131246604314228,0.6737718584749999,0.594634221375,0.0849468745178308,11300.585316051136,0.5714666462340907,0.1737987305659203,1.4121880815249832,4.669089089740406,1.5732307081872767,0.3701883466406301,0.1189939225486217,0.0251698476449388,1.2294220429470557,0.3340464093672273,0.3282555752846707,1.376346064871603,0.0945755833249081,0.1072867831534649,divertor_signal_candidate,4,2,1.071,1.948,all_events;lh_only,minor_component;singleton_isolate,2;3;1,edge_divertor_response_branch,mid,mid,high,mid,mid,high,Edge-divertor response corridor,Edge-divertor response branch with rising edge signal,boundary-response escalation,edge trio
68719,1.669,1,0.4770397908999141,0.671406072033255,,,0.072905716216562,13769.083193824405,0.7977451196291891,0.2417354608986318,1.436895503614992,3.186554783866518,1.5637324764615008,0.3671603969165256,0.0892928615437565,0.0254264961272395,,0.3883734781983068,0.3659761955218834,,0.138759411193881,0.1407008273893416,divertor_signal_candidate,4,1,1.669,1.669,all_events;lh_only,minor_component;singleton_isolate,2;4;1,edge_divertor_response_branch,mid,unknown,high,mid,unknown,high,Edge-divertor response corridor,High-density edge-divertor response branch,boundary-response/high-density corridor,edge trio
69913,1.394,1,0.272318371085628,0.5754889870516785,0.4022032636499998,0.3929384369499998,0.0425414650311152,11400.596467391306,0.3624294548755472,0.2408184635416667,1.4427494030602992,3.2695765909941303,1.5835095592167066,0.3734912354013194,0.3265917811140684,0.0250544711629832,1.4380015064732925,0.3873151726220664,0.3653708243917096,0.9304608355509004,0.0142753573905733,0.015763336325815,event_time,4,1,1.394,1.394,all_events;lh_only,minor_component;singleton_isolate,1;2,timing_branch,low,low,low,low,low,low,Timing-only low-power corridor,Timing-only low-power branch,clean timing comparator,secondary
67992,1.112;1.930,1,0.3397263221865034,1.0161076319275186,0.8441725094999999,0.80206987255,0.0920215023030228,10093.28777521307,0.4939651144146395,0.2418848741060323,1.4373246581803492,3.2405162507837466,1.5933548347516493,0.3725530972534959,0.838384056230695,0.0254657724966794,1.0711537285870854,0.3907410650371222,0.3660861557905251,2.0883260186271837,0.0741081359859533,0.0819800849774563,P_loss_candidate_MW;chi_eff_candidate,3,2,1.112,1.93,all_events;lh_only,minor_component,1,power_balance_branch;transport_branch,high,high,mid,mid,high,high,High-power power-balance/transport corridor,Clean L-H power-balance + transport branch,power-loaded L-H comparator,secondary
68206,1.004;1.910,1,0.4203830042339075,0.9230973451081368,0.7915280562499998,0.7392291706499994,0.0639117304611661,12886.042024031927,0.6723984471658975,0.2417411399642413,1.4384249169058063,3.2205320844066003,1.579469828384196,0.3695112235637992,0.6012808624084176,0.0715176903226804,1.5067729532655558,0.3903110145537202,0.3660008416126304,1.765272277765669,0.0510742075392853,0.0476699905685692,P_loss_candidate_MW,3,2,1.004,1.91,all_events;lh_only,minor_component;singleton_isolate,1;2,power_balance_branch,mid,high,high,mid,mid,mid,High-power power-balance/transport corridor,Power-balance branch with density rise,pure power-balance comparator,secondary
