time_s,S_power_balance,S_transport,S_edge_response,density_support,geometry_stability,missingness_pressure,C_edge_capacity,F_route_fragmentation,m_edge,nbi_proxy,density_proxy,dalpha_proxy,softx_lower_proxy,softx_upper_proxy,te_edge_median_proxy,te_core_median_proxy,te_profile_gradient_proxy,ne_edge_median_proxy,ne_core_median_proxy,ne_profile_gradient_proxy,q95_proxy,elongation_proxy,triangularity_upper_proxy,triangularity_lower_proxy,minor_radius_proxy,beta_normal_proxy,beta_pol_proxy,whmd_proxy,m_edge_state
-0.06940000504255295,,,,,,1.0,,1.0,,,,,,,,,,,,,,,,,,,,,insufficient_data
-0.06840000504255295,,,,,,1.0,,1.0,,,,,,,,,,,,,,,,,,,,,insufficient_data
-0.06740000504255295,,,,,,1.0,,1.0,,,,,,,,,,,,,,,,,,,,,insufficient_data
-0.06640000504255295,,,,,,1.0,,1.0,,,,,,,,,,,,,,,,,,,,,insufficient_data
-0.06540000504255294,,,,,,1.0,,1.0,,,,,,,,,,,,,,,,,,,,,insufficient_data
-0.06440000504255294,,,,,,1.0,,1.0,,,,,,,,,,,,,,,,,,,,,insufficient_data
-0.06340000504255294,,,,,,1.0,,1.0,,,,,,,,,,,,,,,,,,,,,insufficient_data
-0.06240000504255294,,,,,,1.0,,1.0,,,,,,,,,,,,,,,,,,,,,insufficient_data
-0.06140000504255294,,,,,,1.0,,1.0,,,,,,,,,,,,,,,,,,,,,insufficient_data
-0.06040000504255294,,,,,,1.0,,1.0,,,,,,,,,,,,,,,,,,,,,insufficient_data
-0.05940000504255294,,,,,,1.0,,1.0,,,,,,,,,,,,,,,,,,,,,insufficient_data
-0.05840000504255294,,,,,,1.0,,1.0,,,,,,,,,,,,,,,,,,,,,insufficient_data
-0.05740000504255294,,,,,,1.0,,1.0,,,,,,,,,,,,,,,,,,,,,insufficient_data
-0.056400005042552936,,,,,,1.0,,1.0,,,,,,,,,,,,,,,,,,,,,insufficient_data
-0.055400005042552936,,,,,,1.0,,1.0,,,,,,,,,,,,,,,,,,,,,insufficient_data
-0.054400005042552935,,,,,,1.0,,1.0,,,,,,,,,,,,,,,,,,,,,insufficient_data
-0.053400005042552934,,,,,,1.0,,1.0,,,,,,,,,,,,,,,,,,,,,insufficient_data
-0.05240000504255293,,,,,,1.0,,1.0,,,,,,,,,,,,,,,,,,,,,insufficient_data
-0.05140000504255293,,,,,,1.0,,1.0,,,,,,,,,,,,,,,,,,,,,insufficient_data
-0.05040000504255293,,,,,,1.0,,1.0,,,,,,,,,,,,,,,,,,,,,insufficient_data
-0.04940000504255293,,,,,,1.0,,1.0,,,,,,,,,,,,,,,,,,,,,insufficient_data
-0.04840000504255293,,,,,,1.0,,1.0,,,,,,,,,,,,,,,,,,,,,insufficient_data
-0.04740000504255293,,,,,,1.0,,1.0,,,,,,,,,,,,,,,,,,,,,insufficient_data
-0.04640000504255293,,,,,,1.0,,1.0,,,,,,,,,,,,,,,,,,,,,insufficient_data
-0.04540000504255293,,,,,,1.0,,1.0,,,,,,,,,,,,,,,,,,,,,insufficient_data
-0.044400005042552926,,,,,,1.0,,1.0,,,,,,,,,,,,,,,,,,,,,insufficient_data
-0.043400005042552925,,,,,,1.0,,1.0,,,,,,,,,,,,,,,,,,,,,insufficient_data
-0.042400005042552924,,,,,,1.0,,1.0,,,,,,,,,,,,,,,,,,,,,insufficient_data
-0.04140000504255292,,,,,,1.0,,1.0,,,,,,,,,,,,,,,,,,,,,insufficient_data
-0.04040000504255292,,,,,,1.0,,1.0,,,,,,,,,,,,,,,,,,,,,insufficient_data
-0.03940000504255292,,,,,,1.0,,1.0,,,,,,,,,,,,,,,,,,,,,insufficient_data
-0.03840000504255292,,,,,,1.0,,1.0,,,,,,,,,,,,,,,,,,,,,insufficient_data
-0.03740000504255292,,,,,,1.0,,1.0,,,,,,,,,,,,,,,,,,,,,insufficient_data
-0.03640000504255292,,,,,,1.0,,1.0,,,,,,,,,,,,,,,,,,,,,insufficient_data
-0.03540000504255292,,,,,,1.0,,1.0,,,,,,,,,,,,,,,,,,,,,insufficient_data
-0.03440000504255292,,,,,,1.0,,1.0,,,,,,,,,,,,,,,,,,,,,insufficient_data
-0.033400005042552916,,,,,,1.0,,1.0,,,,,,,,,,,,,,,,,,,,,insufficient_data
-0.032400005042552915,,,,,,1.0,,1.0,,,,,,,,,,,,,,,,,,,,,insufficient_data
-0.031400005042552914,,,,,,1.0,,1.0,,,,,,,,,,,,,,,,,,,,,insufficient_data
-0.030400005042552913,,,,,,1.0,,1.0,,,,,,,,,,,,,,,,,,,,,insufficient_data
-0.029400005042552912,,,,,,1.0,,1.0,,,,,,,,,,,,,,,,,,,,,insufficient_data
-0.02840000504255291,,,,,,1.0,,1.0,,,,,,,,,,,,,,,,,,,,,insufficient_data
-0.02740000504255291,,,,,,1.0,,1.0,,,,,,,,,,,,,,,,,,,,,insufficient_data
-0.02640000504255291,,,,,,1.0,,1.0,,,,,,,,,,,,,,,,,,,,,insufficient_data
-0.02540000504255291,,,,,,1.0,,1.0,,,,,,,,,,,,,,,,,,,,,insufficient_data
-0.024400005042552908,,,,,,1.0,,1.0,,,,,,,,,,,,,,,,,,,,,insufficient_data
-0.023400005042552907,,,,,,1.0,,1.0,,,,,,,,,,,,,,,,,,,,,insufficient_data
-0.022400005042552906,,,,,,1.0,,1.0,,,,,,,,,,,,,,,,,,,,,insufficient_data
-0.021400005042552905,,,,,,1.0,,1.0,,,,,,,,,,,,,,,,,,,,,insufficient_data
-0.020400005042552904,,,,,,1.0,,1.0,,,,,,,,,,,,,,,,,,,,,insufficient_data
-0.019400005042552904,,,,,,1.0,,1.0,,,,,,,,,,,,,,,,,,,,,insufficient_data
-0.018400005042552903,,,,,,1.0,,1.0,,,,,,,,,,,,,,,,,,,,,insufficient_data
-0.017400005042552902,,,,,,1.0,,1.0,,,,,,,,,,,,,,,,,,,,,insufficient_data
-0.0164000050425529,,,,,,1.0,,1.0,,,,,,,,,,,,,,,,,,,,,insufficient_data
-0.0154000050425529,,,,,,1.0,,1.0,,,,,,,,,,,,,,,,,,,,,insufficient_data
-0.0144000050425529,,,,,,1.0,,1.0,,,,,,,,,,,,,,,,,,,,,insufficient_data
-0.013400005042552898,,,,,,1.0,,1.0,,,,,,,,,,,,,,,,,,,,,insufficient_data
-0.012400005042552897,,,,,,1.0,,1.0,,,,,,,,,,,,,,,,,,,,,insufficient_data
-0.011400005042552896,,,,,,1.0,,1.0,,,,,,,,,,,,,,,,,,,,,insufficient_data
-0.010400005042552896,,,,,,1.0,,1.0,,,,,,,,,,,,,,,,,,,,,insufficient_data
-0.009400005042552895,,,0.07648161445686999,,,0.7777777777777778,0.07648161445686999,0.7777777777777778,-0.7012961633209078,,,,-6.988021814847978e-14,0.0,,,,,,,,,,,,,,,negative_leakage_margin
-0.008400005042552894,,,0.0695754581447249,,,0.7777777777777778,0.0695754581447249,0.7777777777777778,-0.7082023196330529,,,,-0.00015258789038522349,-5.722045889556888e-05,,,,,,,,,,,,,,,negative_leakage_margin
-0.007400005042552893,,,0.0772382933816298,,,0.7777777777777778,0.0772382933816298,0.7777777777777778,-0.700539484396148,,,,4.768371577518153e-05,-5.7220458984375e-05,,,,,,,,,,,,,,,negative_leakage_margin
-0.006400005042552892,,,0.08750021552462281,,,0.7777777777777778,0.08750021552462281,0.7777777777777778,-0.690277562253155,,,,0.00036239623986750386,-0.00015258789034984662,,,,,,,,,,,,,,,negative_leakage_margin
-0.005400005042552891,,,0.07964022295817375,,,0.7777777777777778,0.07964022295817375,0.7777777777777778,-0.698137554819604,,,,-4.768371566191734e-05,0.0002670288085192111,,,,,,,,,,,,,,,negative_leakage_margin
-0.00440000504255289,,,0.0738466807714819,,,0.7777777777777778,0.0738466807714819,0.7777777777777778,-0.7039310970062959,,,,-0.0001525878906060741,0.00017166137691527323,,,,,,,,,,,,,,,negative_leakage_margin
-0.0034000050425528894,,,0.08367201243354325,,,0.7777777777777778,0.08367201243354325,0.7777777777777778,-0.6941057653442345,,,,7.629394538936824e-05,0.00022888183595671705,,,,,,,,,,,,,,,negative_leakage_margin
-0.0024000050425528885,,,0.09490316156221913,,,0.7777777777777778,0.09490316156221913,0.7777777777777778,-0.6828746162155587,,,,0.0002861022946097434,0.0004005432128711168,,,,,,,,,,,,,,,negative_leakage_margin
-0.0014000050425528876,,,0.0742922329604919,,,0.7777777777777778,0.0742922329604919,0.7777777777777778,-0.7034855448172859,,,,-5.7220458924976815e-05,-7.919758056827708e-14,,,,,,,,,,,,,,,negative_leakage_margin
-0.0004000050425528867,,,0.07436392652641174,,,0.7777777777777778,0.07436392652641174,0.7777777777777778,-0.703413851251366,,,,1.9073486157355216e-05,-0.00015258789070536226,,,,,,,,,,,,,,,negative_leakage_margin
0.0005999949574471142,,,0.08780238058586122,,,0.7777777777777778,0.08780238058586122,0.7777777777777778,-0.6899753971919166,,,,0.000305175781555726,-1.9073486226216352e-05,,,,,,,,,,,,,,,negative_leakage_margin
0.001599994957447115,,,0.07406176149524563,,,0.7777777777777778,0.07406176149524563,0.7777777777777778,-0.7037160162825322,,,,7.629394522980842e-05,-0.0002861022947771647,,,,,,,,,,,,,,,negative_leakage_margin
0.002599994957447116,,,0.07655330803041933,,,0.7777777777777778,0.07655330803041933,0.7777777777777778,-0.7012244697473584,,,,7.629394535442813e-05,-0.0001525878909184969,,,,,,,,,,,,,,,negative_leakage_margin
0.003599994957447117,,,0.07956210033360349,,,0.7777777777777778,0.07956210033360349,0.7777777777777778,-0.6982156774441743,,,,0.00024795532197867935,-0.0003433227534386349,,,,,,,,,,,,,,,negative_leakage_margin
0.004599994957447118,,,0.06452067151214094,,,0.7777777777777778,0.06452067151214094,0.7777777777777778,-0.7132571062656369,,,,-0.00022888183507564395,-0.0001716613771039498,,,,,,,,,,,,,,,negative_leakage_margin
0.005599994957447119,,,0.06494830028108967,,,0.7777777777777778,0.06494830028108967,0.7777777777777778,-0.7128294774966881,,,,-0.00015258789053764973,-0.0003051757811844873,,,,,,,,,,,,,,,negative_leakage_margin
0.0065999949574471195,,,0.0686510396290982,,,0.7777777777777778,0.0686510396290982,0.7777777777777778,-0.7091267381486795,,,,1.5490112990033944e-13,-0.00041961669926300746,,,,,,,,,,,,,,,negative_leakage_margin
0.00759999495744712,,,0.07149852137810969,,,0.7777777777777778,0.07149852137810969,0.7777777777777778,-0.706279256399668,,,,-8.967960651428547e-14,-0.0002670288086385898,,,,,,,,,,,,,,,negative_leakage_margin
0.008599994957447121,,,0.06779578204194263,,,0.7777777777777778,0.06779578204194263,0.7777777777777778,-0.7099819957358352,,,,-0.00015258789035246714,-0.00015258789080668857,,,,,,,,,,,,,,,negative_leakage_margin
0.009599994957447122,,,0.07655330801720547,,,0.7777777777777778,0.07655330801720547,0.7777777777777778,-0.7012244697605723,,,,7.629394494446421e-05,-0.00015258789078601565,,,,,,,,,,,,,,,negative_leakage_margin
0.010599994957447123,,,0.06538489078520629,,,0.7777777777777778,0.06538489078520629,0.7777777777777778,-0.7123928869925715,,,,-6.675720178738972e-05,-0.00045776367168865275,,,,,,,,,,,,,,,negative_leakage_margin
0.011599994957447124,,,0.07327819749804892,,,0.7777777777777778,0.07327819749804892,0.7777777777777778,-0.7044995802797289,,,,4.245223421926736e-13,-0.00017166137692954043,,,,,,,,,,,,,,,negative_leakage_margin
0.012599994957447125,,,0.09426298471950696,,,0.7777777777777778,0.09426298471950696,0.7777777777777778,-0.6835147930582708,,,,0.00036239624073576554,0.00020980834910798446,,,,,,,,,,,,,,,negative_leakage_margin
0.013599994957447126,,,0.07548550239019067,,,0.7777777777777778,0.07548550239019067,0.7777777777777778,-0.7022922753875871,,,,7.629394574750441e-05,-0.00020980834968187573,,,,,,,,,,,,,,,negative_leakage_margin
0.014599994957447127,,,0.09914107006739095,,,0.7777777777777778,0.09914107006739095,0.7777777777777778,-0.6786367077103869,,,,0.0006294250484857119,-7.62939452146677e-05,,,,,,,,,,,,,,,negative_leakage_margin
0.015599994957447127,,,0.0946906135245499,,,0.7777777777777778,0.0946906135245499,0.7777777777777778,-0.6830871642532279,,,,0.0004386901860418599,7.629394538674774e-05,,,,,,,,,,,,,,,negative_leakage_margin
0.01659999495744713,,,0.08659118779550407,,,0.7777777777777778,0.08659118779550407,0.7777777777777778,-0.6911865899822738,,,,0.0001525878915014144,0.00022888183586237878,,,,,,,,,,,,,,,negative_leakage_margin
0.01759999495744713,,,0.11069230765336283,,,0.7777777777777778,0.11069230765336283,0.7777777777777778,-0.667085470124415,,,,0.0008010864256545921,0.00019073486343323948,,,,,,,,,,,,,,,negative_leakage_margin
0.01859999495744713,,,0.09760978885334973,,,0.7777777777777778,0.09760978885334973,0.7777777777777778,-0.6801679889244281,,,,0.0005149841310899797,7.629394569684121e-05,,,,,,,,,,,,,,,negative_leakage_margin
0.01959999495744713,,,0.03192834394802285,,,0.7777777777777778,0.03192834394802285,0.7777777777777778,-0.745849433829755,,,,-0.0012016296359250002,7.629394536432782e-05,,,,,,,,,,,,,,,negative_leakage_margin
0.020599994957447132,,,0.11097654929438483,,,0.7777777777777778,0.11097654929438483,0.7777777777777778,-0.666801228483393,,,,0.0007247924808094161,0.00036239623921237676,,,,,,,,,,,,,,,negative_leakage_margin
0.021599994957447133,,,0.09330271943221555,,,0.7777777777777778,0.09330271943221555,0.7777777777777778,-0.6844750583455622,,,,0.00047683715875954623,-7.629394539198874e-05,,,,,,,,,,,,,,,negative_leakage_margin
0.022599994957447134,,,0.10403581251506884,,,0.7777777777777778,0.10403581251506884,0.7777777777777778,-0.6737419652627089,,,,0.0007247924804151751,-9.536743016731717e-06,,,,,,,,,,,,,,,negative_leakage_margin
0.023599994957447135,,,0.10709710865915668,,,0.7777777777777778,0.10709710865915668,0.7777777777777778,-0.6706806691186211,,,,0.0007629394528542141,7.629394528542141e-05,,,,,,,,,,,,,,,negative_leakage_margin
0.024599994957447135,,,0.11663819867591163,,,0.7777777777777778,0.11663819867591163,0.7777777777777778,-0.6611395791018662,,,,0.0010681152341834117,-3.814697268361975e-05,,,,,,,,,,,,,,,negative_leakage_margin
0.025599994957447136,,,0.10561959760558987,,,0.7777777777777778,0.10561959760558987,0.7777777777777778,-0.6721581801721879,,,,0.0007057189940853032,0.00011444091785810633,,,,,,,,,,,,,,,negative_leakage_margin
0.026599994957447137,,,0.09915899348020443,,,0.7777777777777778,0.09915899348020443,0.7777777777777778,-0.6786187842975734,,,,0.000648498535184202,-0.00011444091760537287,,,,,,,,,,,,,,,negative_leakage_margin
0.027599994957447138,,,0.10670532668380436,,,0.7777777777777778,0.10670532668380436,0.7777777777777778,-0.6710724510939734,,,,0.0007247924808923989,0.0001335144045510643,,,,,,,,,,,,,,,negative_leakage_margin
0.02859999495744714,,,0.10428420736631923,,,0.7777777777777778,0.10428420736631923,0.7777777777777778,-0.6734935704114585,,,,0.0006103515623573279,0.0002384185790872953,,,,,,,,,,,,,,,negative_leakage_margin
0.02959999495744714,,,0.06282807971408064,,,0.7777777777777778,0.06282807971408064,0.7777777777777778,-0.7149496980636971,,,,-0.00051498413036934,0.00032424926746282265,,,,,,,,,,,,,,,negative_leakage_margin
0.03059999495744714,,,0.10898305881236815,,,0.7777777777777778,0.10898305881236815,0.7777777777777778,-0.6687947189654097,,,,0.0006866455081619011,0.00033378601046557825,,,,,,,,,,,,,,,negative_leakage_margin
0.03159999495744714,,,0.11761638737473791,,,0.7777777777777778,0.11761638737473791,0.7777777777777778,-0.6601613904030399,,,,0.0009727478027637829,0.00020980834955055915,,,,,,,,,,,,,,,negative_leakage_margin
0.03259999495744714,,,0.11825656422459112,,,0.7777777777777778,0.11825656422459112,0.7777777777777778,-0.6595212135531867,,,,0.000896453857124884,0.0004005432126975809,,,,,,,,,,,,,,,negative_leakage_margin
0.033599994957447143,,,0.11758054057088063,,,0.7777777777777778,0.11758054057088063,0.7777777777777778,-0.6601972372068972,,,,0.000934600829838203,0.00028610229453200165,,,,,,,,,,,,,,,negative_leakage_margin
0.034599994957447144,,,0.10031514981704087,,,0.7777777777777778,0.10031514981704087,0.7777777777777778,-0.677462627960737,,,,0.0005531311047571636,0.0001430511472641082,,,,,,,,,,,,,,,negative_leakage_margin
0.035599994957447145,,,0.12201307374997353,,,0.7777777777777778,0.12201307374997353,0.7777777777777778,-0.6557647040278043,,,,0.001106262206572661,0.0001716613769225524,,,,,,,,,,,,,,,negative_leakage_margin
0.036599994957447146,,,0.117848125155589,,,0.7777777777777778,0.117848125155589,0.7777777777777778,-0.6599296526221888,,,,0.0010299682614101123,0.0001049041748972788,,,,,,,,,,,,,,,negative_leakage_margin
0.03759999495744715,,,0.11049768296753681,,,0.7777777777777778,0.11049768296753681,0.7777777777777778,-0.667280094810241,,,,0.0009727478025474454,-0.0001716613771712095,,,,,,,,,,,,,,,negative_leakage_margin
0.03859999495744715,,,0.10921479658191557,,,0.7777777777777778,0.10921479658191557,0.7777777777777778,-0.6685629811958622,,,,0.000743865966482414,0.00022888183587460782,,,,,,,,,,,,,,,negative_leakage_margin
0.03959999495744715,,,0.10446217497068823,,,0.7777777777777778,0.10446217497068823,0.7777777777777778,-0.6733156028070896,,,,0.0006103515621826274,0.0002479553223132309,,,,,,,,,,,,,,,negative_leakage_margin
0.04059999495744715,,,0.1050140012139351,,,0.7777777777777778,0.1050140012139351,0.7777777777777778,-0.6727637765638427,,,,0.0006294250490843524,0.00023841857903750564,,,,,,,,,,,,,,,negative_leakage_margin
0.04159999495744715,,,0.10399996573522849,,,0.7777777777777778,0.10399996573522849,0.7777777777777778,-0.6737778120425493,,,,0.0006866455079094588,6.67572023908345e-05,,,,,,,,,,,,,,,negative_leakage_margin
0.04259999495744715,,,0.12326011330068345,,,0.7777777777777778,0.12326011330068345,0.7777777777777778,-0.6545176644770944,,,,0.0012969970679645245,-0.00015258788922273693,,,,,,,,,,,,,,,negative_leakage_margin
0.04359999495744715,,,0.11323762436755631,,,0.7777777777777778,0.11323762436755631,0.7777777777777778,-0.6645401534102214,,,,0.0008583068846669192,0.00020980834941196336,,,,,,,,,,,,,,,negative_leakage_margin
0.04459999495744715,,,0.1154090824618474,,,0.7777777777777778,0.1154090824618474,0.7777777777777778,-0.6623686953159303,,,,0.0008964538569571716,0.0002479553221826422,,,,,,,,,,,,,,,negative_leakage_margin
0.045599994957447154,,,0.11855872925867107,,,0.7777777777777778,0.11855872925867107,0.7777777777777778,-0.6592190485191067,,,,0.0008392333981696258,0.000534057616685236,,,,,,,,,,,,,,,negative_leakage_margin
0.046599994957447155,,,0.11571124751802198,,,0.7777777777777778,0.11571124751802198,0.7777777777777778,-0.6620665302597558,,,,0.0008392333984375,0.00038146972646117366,,,,,,,,,,,,,,,negative_leakage_margin
0.047599994957447156,,,0.11987492958044521,,,0.7777777777777778,0.11987492958044521,0.7777777777777778,-0.6579028481973326,,,,0.000724792474336761,0.0008392333994935647,,,,,,,,,,,,,,,negative_leakage_margin
0.04859999495744716,,,0.11720668196820788,,,0.7777777777777778,0.11720668196820788,0.7777777777777778,-0.6605710958095699,,,,0.0009155273435438534,0.0003051757813702522,,,,,,,,,,,,,,,negative_leakage_margin
0.04959999495744716,,,0.11426958324706804,,,0.7777777777777778,0.11426958324706804,0.7777777777777778,-0.6635081945307097,,,,0.0008201599121440239,0.00034332275383695213,,,,,,,,,,,,,,,negative_leakage_margin
0.05059999495744716,,,0.09700419247875514,,,0.7777777777777778,0.09700419247875514,0.7777777777777778,-0.6807735852990227,,,,0.000438690186804719,0.00020027160632302214,,,,,,,,,,,,,,,negative_leakage_margin
0.05159999495744716,,,0.11336182182565233,,,0.7777777777777778,0.11336182182565233,0.7777777777777778,-0.6644159559521254,,,,0.0008010864262392566,0.0003337860109711908,,,,,,,,,,,,,,,negative_leakage_margin
0.05259999495744716,,,0.1104964166472444,,,0.7777777777777778,0.1104964166472444,0.7777777777777778,-0.6672813611305334,,,,0.0007820129392044679,0.00021934509303985584,,,,,,,,,,,,,,,negative_leakage_margin
0.05359999495744716,,,0.11035429581810022,,,0.7777777777777778,0.11035429581810022,0.7777777777777778,-0.6674234819596776,,,,0.0008201599119661206,0.0001335144039924593,,,,,,,,,,,,,,,negative_leakage_margin
0.05459999495744716,,,0.10531743256766621,,,0.7777777777777778,0.10531743256766621,0.7777777777777778,-0.6724603452101116,,,,0.000762939453125,-1.9073486508648904e-05,,,,,,,,,,,,,,,negative_leakage_margin
0.05559999495744716,,,0.10946445777929191,,,0.7777777777777778,0.10946445777929191,0.7777777777777778,-0.6683133199984859,,,,0.0008201599119637913,8.583068874953211e-05,,,,,,,,,,,,,,,negative_leakage_margin
0.056599994957447164,,,0.09800157086270528,,,0.7777777777777778,0.09800157086270528,0.7777777777777778,-0.6797762069150726,,,,0.0005531311039191833,1.9073486474873458e-05,,,,,,,,,,,,,,,negative_leakage_margin
0.057599994957447165,,,0.11686867013859642,,,0.7777777777777778,0.11686867013859642,0.7777777777777778,-0.6609091076391813,,,,0.0009346008298932336,0.00024795532215469014,,,,,,,,,,,,,,,negative_leakage_margin
0.058599994957447166,,,0.11426958324776601,,,0.7777777777777778,0.11426958324776601,0.7777777777777778,-0.6635081945300118,,,,0.0008201599121466444,0.00034332275386898055,,,,,,,,,,,,,,,negative_leakage_margin
0.05959999495744717,,,0.10672325006568557,,,0.7777777777777778,0.10672325006568557,0.7777777777777778,-0.6710545277120922,,,,0.0007438659668344357,9.536743205379176e-05,,,,,,,,,,,,,,,negative_leakage_margin
0.06059999495744717,,,0.10147257241873517,,,0.7777777777777778,0.10147257241873517,0.7777777777777778,-0.6763052053590426,,,,0.0006484985355726196,9.536743258691964e-06,,,,,,,,,,,,,,,negative_leakage_margin
0.06159999495744717,,,0.10503192459655829,,,0.7777777777777778,0.10503192459655829,0.7777777777777778,-0.6727458531812195,,,,0.000648498535194393,0.00020027160623552626,,,,,,,,,,,,,,,negative_leakage_margin
0.06259999495744717,,,0.11145794828215913,,,0.7777777777777778,0.11145794828215913,0.7777777777777778,-0.6663198294956186,,,,0.0008583068844197179,0.00011444091900647123,,,,,,,,,,,,,,,negative_leakage_margin
0.06359999495744717,,,0.1040703929829391,,,0.7777777777777778,0.1040703929829391,0.7777777777777778,-0.6737073847948387,,,,0.0005722045900761017,0.0003051757812112747,,,,,,,,,,,,,,,negative_leakage_margin
0.06459999495744717,,,0.1010616006736105,,,0.7777777777777778,0.1010616006736105,0.7777777777777778,-0.6767161771041673,,,,0.000400543213319806,0.000495910643672888,,,,,,,,,,,,,,,negative_leakage_margin
0.06559999495744717,,,0.10624185110136429,,,0.7777777777777778,0.10624185110136429,0.7777777777777778,-0.6715359266764135,,,,0.0006103515631682296,0.0003433227536310966,,,,,,,,,,,,,,,negative_leakage_margin
0.06659999495744717,,,0.10448009840737377,,,0.7777777777777778,0.10448009840737377,0.7777777777777778,-0.673297679370404,,,,0.0006294250495805021,0.00020980834976777016,,,,,,,,,,,,,,,negative_leakage_margin
0.06759999495744717,,,0.1180606732236512,,,0.7777777777777778,0.1180606732236512,0.7777777777777778,-0.6597171045541266,,,,0.00087738037105386,0.0004291534418044081,,,,,,,,,,,,,,,negative_leakage_margin
0.06859999495744717,,,0.10442632824609145,,,0.7777777777777778,0.10442632824609145,0.7777777777777778,-0.6733514495316864,,,,0.0005722045912099083,0.00032424926753794387,,,,,,,,,,,,,,,negative_leakage_margin
0.06959999495744718,,,0.10957073184494452,,,0.7777777777777778,0.10957073184494452,0.7777777777777778,-0.6682070459328333,,,,0.0007438659674039595,0.0002479553226298756,,,,,,,,,,,,,,,negative_leakage_margin
0.07059999495744718,,,0.14634719771410828,,,0.7777777777777778,0.14634719771410828,0.7777777777777778,-0.6314305800636695,,,,0.0020027160620073176,-0.00036239623864460003,,,,,,,,,,,,,,,negative_leakage_margin
0.07159999495744718,,,0.10702541510615468,,,0.7777777777777778,0.10702541510615468,0.7777777777777778,-0.6707523626716231,,,,0.0006866455079767185,0.00022888183618382775,,,,,,,,,,,,,,,negative_leakage_margin
0.07259999495744718,,,0.12368520950337406,,,0.7777777777777778,0.12368520950337406,0.7777777777777778,-0.6540925682744038,,,,0.0009918212890211542,0.00049591064453125,,,,,,,,,,,,,,,negative_leakage_margin
0.07359999495744718,,,0.11248990717011662,,,0.7777777777777778,0.11248990717011662,0.7777777777777778,-0.6652878706076611,,,,0.0008201599124424707,0.0002479553227652685,,,,,,,,,,,,,,,negative_leakage_margin
0.07459999495744718,,,0.11749092360829569,,,0.7777777777777778,0.11749092360829569,0.7777777777777778,-0.6602868541694821,,,,0.0008392333979762906,0.0004768371585804782,,,,,,,,,,,,,,,negative_leakage_margin
0.07559999495744718,,,0.0873901425906281,,,0.7777777777777778,0.0873901425906281,0.7777777777777778,-0.6903876351871496,,,,-0.0001335144018903751,0.0008583068837523619,,,,,,,,,,,,,,,negative_leakage_margin
0.07659999495744718,,,0.10910725623720488,,,0.7777777777777778,0.10910725623720488,0.7777777777777778,-0.6686705215405729,,,,0.0006294250490831878,0.00045776367157742673,,,,,,,,,,,,,,,negative_leakage_margin
0.07759999495744718,,,0.09744847831913492,,,0.7777777777777778,0.09744847831913492,0.7777777777777778,-0.6803292994586428,,,,0.0003433227545482745,0.0004196166992401508,,,,,,,,,,,,,,,negative_leakage_margin
0.07859999495744718,,,0.11099447269310239,,,0.7777777777777778,0.11099447269310239,0.7777777777777778,-0.6667833050846754,,,,0.000743865966581411,0.00032424926796596016,,,,,,,,,,,,,,,negative_leakage_margin
0.07959999495744718,,,0.10844915600992988,,,0.7777777777777778,0.10844915600992988,0.7777777777777778,-0.6693286217678479,,,,0.0006866455085066435,0.0003051757817272236,,,,,,,,,,,,,,,negative_leakage_margin
0.08059999495744719,,,0.12291956888515572,,,0.7777777777777778,0.12291956888515572,0.7777777777777778,-0.654858208892622,,,,0.0009346008301218001,0.0005722045898000749,,,,,,,,,,,,,,,negative_leakage_margin
0.08159999495744719,,,0.12662230820522494,,,0.7777777777777778,0.12662230820522494,0.7777777777777778,-0.6511554695725529,,,,0.0010871887199556977,0.00045776367198491577,,,,,,,,,,,,,,,negative_leakage_margin
0.08259999495744719,,,0.1215316747686513,,,0.7777777777777778,0.1215316747686513,0.7777777777777778,-0.6562461030091264,,,,0.0009727478019819979,0.00041961669948429486,,,,,,,,,,,,,,,negative_leakage_margin
0.08359999495744719,,,0.11665485572768418,,,0.7777777777777778,0.11665485572768418,0.7777777777777778,-0.6611229220500936,,,,0.0008964538566199995,0.0003147125248372746,,,,,,,,,,,,,,,negative_leakage_margin
0.08459999495744719,,,0.13146454677015654,,,0.7777777777777778,0.13146454677015654,0.7777777777777778,-0.6463132310076213,,,,0.0013160705551609115,0.0002479553229830619,,,,,,,,,,,,,,,negative_leakage_margin
0.08559999495744719,,,0.1291446362715322,,,0.7777777777777778,0.1291446362715322,0.7777777777777778,-0.6486331415062456,,,,0.0003623962409113396,0.00207901000953997,,,,,,,,,,,,,,,negative_leakage_margin
0.08659999495744719,,,0.15475658134357853,,,0.7777777777777778,0.15475658134357853,0.7777777777777778,-0.6230211964341993,,,,0.0007247924809229714,0.0027084350580941063,,,,,,,,,,,,,,,negative_leakage_margin
0.08759999495744719,,,0.17139845232984707,,,0.7777777777777778,0.17139845232984707,0.7777777777777778,-0.6063793254479307,,,,0.0010108947750249184,0.0030136108394323304,,,,,,,,,,,,,,,negative_leakage_margin
0.08859999495744719,,,0.1823607505911422,,,0.7777777777777778,0.1823607505911422,0.7777777777777778,-0.5954170271866356,,,,0.0009346008307681921,0.0037574768052604907,,,,,,,,,,,,,,,negative_leakage_margin
0.0895999949574472,,,0.2051943748461138,,,0.7777777777777778,0.2051943748461138,0.7777777777777778,-0.572583402931664,,,,0.000991821288784726,0.004863739014644083,,,,,,,,,,,,,,,negative_leakage_margin
0.0905999949574472,,,0.2375844797950087,,,0.7777777777777778,0.2375844797950087,0.7777777777777778,-0.540193297982769,,,,0.0009918212881773506,0.006599426268925622,,,,,,,,,,,,,,,negative_leakage_margin
0.0915999949574472,,,0.22377216720156506,,,0.7777777777777778,0.22377216720156506,0.7777777777777778,-0.5540056105762128,,,,0.0006866455082812797,0.006484985351281232,,,,,,,,,,,,,,,negative_leakage_margin
0.0925999949574472,,,0.2212447738928988,,,0.7777777777777778,0.2212447738928988,0.7777777777777778,-0.556533003884879,,,,0.000648498536146802,0.006427764892153603,,,,,,,,,,,,,,,negative_leakage_margin
0.0935999949574472,,,0.2572735224741443,,,0.7777777777777778,0.2572735224741443,0.7777777777777778,-0.5205042553036334,,,,0.0018692016554102185,0.005855560305771835,,,,,,,,,,,,,,,negative_leakage_margin
0.0945999949574472,,,0.21364720314940222,,,0.7777777777777778,0.21364720314940222,0.7777777777777778,-0.5641305746283756,,,,0.0008964538570398631,0.005512237549830906,,,,,,,,,,,,,,,negative_leakage_margin
0.0955999949574472,,,0.22833016406928555,,,0.7777777777777778,0.22833016406928555,0.7777777777777778,-0.5494476137084923,,,,0.000991821287501114,0.006103515625192171,,,,,,,,,,,,,,,negative_leakage_margin
0.0965999949574472,,,0.235395098309165,,,0.7777777777777778,0.235395098309165,0.7777777777777778,-0.5423826794686128,,,,0.0009346008295464531,0.006599426268951244,,,,,,,,,,,,,,,negative_leakage_margin
0.0975999949574472,,,0.22987683616566765,,,0.7777777777777778,0.22987683616566765,0.7777777777777778,-0.5479009416121101,,,,0.0007438659679638747,0.006694793701949875,,,,,,,,,,,,,,,negative_leakage_margin
0.0985999949574472,,,0.2333465713351247,,,0.7777777777777778,0.2333465713351247,0.7777777777777778,-0.5444312064426531,,,,0.00064849853515625,0.007076263427685459,,,,,,,,,,,,,,,negative_leakage_margin
0.0995999949574472,,,0.2515914171723145,,,0.7777777777777778,0.2515914171723145,0.7777777777777778,-0.5261863606054633,,,,0.0011253356929657164,0.007076263428767729,,,,,,,,,,,,,,,negative_leakage_margin
0.1005999949574472,,,0.26620015190374047,,,0.7777777777777778,0.26620015190374047,0.7777777777777778,-0.5115776258740373,,,,0.000762939453026003,0.008602142333340895,,,,,,,,,,,,,,,negative_leakage_margin
0.1015999949574472,,,0.2915637020975036,,,0.7777777777777778,0.2915637020975036,0.7777777777777778,-0.4862140756802742,,,,0.001239776610481701,0.008983612059600871,,,,,,,,,,,,,,,negative_leakage_margin
0.1025999949574472,,,0.2720743493419981,,,0.7777777777777778,0.2720743493419981,0.7777777777777778,-0.5057034284357798,,,,0.0009536743160556843,0.00852584838772034,,,,,,,,,,,,,,,negative_leakage_margin
0.1035999949574472,,,0.2621414774314769,,,0.7777777777777778,0.2621414774314769,0.7777777777777778,-0.5156363003463009,,,,0.0006103515647667395,0.008697509765222024,,,,,,,,,,,,,,,negative_leakage_margin
0.1045999949574472,,,0.27586417308628763,,,0.7777777777777778,0.27586417308628763,0.7777777777777778,-0.5019136046914902,,,,0.0008201599132239645,0.009002685547330969,,,,,,,,,,,,,,,negative_leakage_margin
0.10559999495744721,,,0.2531036061855554,,,0.7777777777777778,0.2531036061855554,0.7777777777777778,-0.5246741715922224,,,,-0.0002956390336783885,0.010070800776969837,,,,,,,,,,,,,,,negative_leakage_margin
0.10659999495744721,,,0.27839156638356577,,,0.7777777777777778,0.27839156638356577,0.7777777777777778,-0.499386211394212,,,,0.0008583068852780799,0.009059906006013111,,,,,,,,,,,,,,,negative_leakage_margin
0.10759999495744721,,,0.2896406388970869,,,0.7777777777777778,0.2896406388970869,0.7777777777777778,-0.4881371388806909,,,,0.0010871887206515883,0.00919342041015625,,,,,,,,,,,,,,,negative_leakage_margin
0.10859999495744721,,,0.2724994454809837,,,0.7777777777777778,0.2724994454809837,0.7777777777777778,-0.5052783322967941,,,,0.0006484985352599057,0.009174346921858667,,,,,,,,,,,,,,,negative_leakage_margin
0.10959999495744721,,,0.28004831135378233,,,0.7777777777777778,0.28004831135378233,0.7777777777777778,-0.49772946642399546,,,,0.001106262206457941,0.008640289307578767,,,,,,,,,,,,,,,negative_leakage_margin
0.11059999495744721,,,0.3332490348340521,,,0.7777777777777778,0.3332490348340521,0.7777777777777778,-0.4445287429437257,,,,0.0020408630330737924,0.009574890138291055,,,,,,,,,,,,,,,negative_leakage_margin
0.11159999495744721,,,0.30227507288783423,,,0.7777777777777778,0.30227507288783423,0.7777777777777778,-0.47550270488994356,,,,0.000896453857579979,0.01026153564490016,,,,,,,,,,,,,,,negative_leakage_margin
0.11259999495744721,,,0.3164612441486361,,,0.7777777777777778,0.3164612441486361,0.7777777777777778,-0.4613165336291417,,,,0.0012207031250529925,0.010356903076542823,,,,,,,,,,,,,,,negative_leakage_margin
0.11359999495744721,,,0.3025413911883194,,,0.7777777777777778,0.3025413911883194,0.7777777777777778,-0.4752363865894584,,,,0.0008010864272731926,0.010471343994407044,,,,,,,,,,,,,,,negative_leakage_margin
0.11459999495744722,,,0.3243097423868653,,,0.7777777777777778,0.3243097423868653,0.7777777777777778,-0.4534680353909125,,,,0.0012397766112745502,0.010738372803805872,,,,,,,,,,,,,,,negative_leakage_margin
0.11559999495744722,,,0.3652473579059221,,,0.7777777777777778,0.3652473579059221,0.7777777777777778,-0.4125304198718557,,,,0.002002716062998743,0.011367797851993428,,,,,,,,,,,,,,,negative_leakage_margin
0.11659999495744722,,,0.37774093725025193,,,0.7777777777777778,0.37774093725025193,0.7777777777777778,-0.40003684052752586,,,,0.0020408630321269152,0.011959075928113475,,,,,,,,,,,,,,,negative_leakage_margin
0.11759999495744722,,,0.34203480980564327,,,0.7777777777777778,0.34203480980564327,0.7777777777777778,-0.4357429679721345,,,,0.0011634826662878666,0.011844635010364557,,,,,,,,,,,,,,,negative_leakage_margin
0.11859999495744722,,,0.34557623852903224,,,0.7777777777777778,0.34557623852903224,0.7777777777777778,-0.43220153924874555,,,,0.0011444091785379703,0.012073516844882032,,,,,,,,,,,,,,,negative_leakage_margin
0.11959999495744722,,,0.36880924260351045,,,0.7777777777777778,0.36880924260351045,0.7777777777777778,-0.40896853517426734,,,,0.00238418578485219,0.010776519777206638,,,,,,,,,,,,,,,negative_leakage_margin
0.12059999495744722,,,0.32722891767060946,,,0.7777777777777778,0.32722891767060946,0.7777777777777778,-0.4505488601071683,,,,0.0013160705561427286,0.010738372802070514,,,,,,,,,,,,,,,negative_leakage_margin
0.12159999495744722,,,0.3169247193913598,,,0.7777777777777778,0.3169247193913598,0.7777777777777778,-0.460853058386418,,,,0.0013351440327915702,0.010147094729732442,,,,,,,,,,,,,,,negative_leakage_margin
0.12259999495744722,,,0.31030280501314517,,,0.7777777777777778,0.31030280501314517,0.7777777777777778,-0.4674749727646326,,,,0.0011062622062485916,0.010261535644643058,,,,,,,,,,,,,,,negative_leakage_margin
0.12359999495744722,,,0.33604021387908645,,,0.7777777777777778,0.33604021387908645,0.7777777777777778,-0.44173756389869134,,,,0.0016021728512815234,0.010623931885158993,,,,,,,,,,,,,,,negative_leakage_margin
0.12459999495744722,,,0.3316614508547063,,,0.7777777777777778,0.3316614508547063,0.7777777777777778,-0.4461163269230715,,,,0.0014877319328594255,0.010623931884765625,,,,,,,,,,,,,,,negative_leakage_margin
0.12559999495744723,,,0.3518652067009571,,,0.7777777777777778,0.3518652067009571,0.7777777777777778,-0.4259125710768207,,,,0.0021553039528637956,0.010337829591717413,,,,,,,,,,,,,,,negative_leakage_margin
0.12659999495744723,,,0.3355255007767078,,,0.7777777777777778,0.3355255007767078,0.7777777777777778,-0.44225227700107,,,,0.001811981201228944,0.010166168212947694,,,,,,,,,,,,,,,negative_leakage_margin
0.12759999495744723,,,0.33782495504599336,,,0.7777777777777778,0.33782495504599336,0.7777777777777778,-0.43995282273178443,,,,0.0023651122974314583,0.009155273439335521,,,,,,,,,,,,,,,negative_leakage_margin
0.12859999495744723,,,0.3233007721611934,,,0.7777777777777778,0.3233007721611934,0.7777777777777778,-0.4544770056165844,,,,0.002059936522688035,0.00900268554641379,,,,,,,,,,,,,,,negative_leakage_margin
0.12959999495744723,,,0.3340684457157987,,,0.7777777777777778,0.3340684457157987,0.7777777777777778,-0.4437093320619791,,,,0.0021553039543248747,0.009384155272568365,,,,,,,,,,,,,,,negative_leakage_margin
0.13059999495744723,,,0.3364191378660384,,,0.7777777777777778,0.3364191378660384,0.7777777777777778,-0.4413586399117394,,,,0.0023841857924132293,0.009040832519997119,,,,,,,,,,,,,,,negative_leakage_margin
0.13159999495744723,,,0.3428797419678832,,,0.7777777777777778,0.3428797419678832,0.7777777777777778,-0.4348980358098946,,,,0.0024414062504096727,0.009269714356053997,,,,,,,,,,,,,,,negative_leakage_margin
0.13259999495744723,,,0.348449241738024,,,0.7777777777777778,0.348449241738024,0.7777777777777778,-0.4293285360397538,,,,0.002307891846408915,0.009841918945783026,,,,,,,,,,,,,,,negative_leakage_margin
0.13359999495744723,,,0.37395617905028594,,,0.7777777777777778,0.37395617905028594,0.7777777777777778,-0.40382159872749185,,,,0.0029373168937037518,0.009918212890743214,,,,,,,,,,,,,,,negative_leakage_margin
0.13459999495744723,,,0.3855791102922243,,,0.7777777777777778,0.3855791102922243,0.7777777777777778,-0.3921986674855535,,,,0.003185272218044237,0.010032653809306529,,,,,,,,,,,,,,,negative_leakage_margin
0.13559999495744723,,,0.389440627468405,,,0.7777777777777778,0.389440627468405,0.7777777777777778,-0.38833715030937277,,,,0.003128051757155917,0.01035690307754473,,,,,,,,,,,,,,,negative_leakage_margin
0.13659999495744723,,,0.40031584141225895,,,0.7777777777777778,0.40031584141225895,0.7777777777777778,-0.37746193636551884,,,,0.0033378601071219725,0.01050949096847633,,,,,,,,,,,,,,,negative_leakage_margin
0.13759999495744724,,,0.4168322486962891,,,0.7777777777777778,0.4168322486962891,0.7777777777777778,-0.3609455290814887,,,,0.0034904480002769275,0.011081695554410572,,,,,,,,,,,,,,,negative_leakage_margin
0.13859999495744724,,,0.42674972986167375,,,0.7777777777777778,0.42674972986167375,0.7777777777777778,-0.35102804791610404,,,,0.0041961669900678,0.010166168213375128,,,,,,,,,,,,,,,negative_leakage_margin
0.13959999495744724,,,0.3906876671103967,,,0.7777777777777778,0.3906876671103967,0.7777777777777778,-0.3870901106673811,,,,0.0033187866219457065,0.010032653809323997,,,,,,,,,,,,,,,negative_leakage_margin
0.14059999495744724,,,0.39439293884691007,,,0.7777777777777778,0.39439293884691007,0.7777777777777778,-0.3833848389308677,,,,0.0038528442302100847,0.009136199956002344,,,,,,,,,,,,,,,negative_leakage_margin
0.14159999495744724,,,0.3992684918163456,,,0.7777777777777778,0.3992684918163456,0.7777777777777778,-0.3785092859614322,,,,0.003738403320496809,0.009632110597239034,,,,,,,,,,,,,,,negative_leakage_margin
0.14259999495744724,,,0.41375429540244746,,,0.7777777777777778,0.41375429540244746,0.7777777777777778,-0.36402348237533033,,,,0.003623962402220295,0.0106430053698592,,,,,,,,,,,,,,,negative_leakage_margin
0.14359999495744724,,,0.46971794911651293,,,0.7777777777777778,0.46971794911651293,0.7777777777777778,-0.30805982866126486,,,,0.005226135254216343,0.010356903074869483,,,,,,,,,,,,,,,negative_leakage_margin
0.14459999495744724,,,0.44186031971923473,,,0.7777777777777778,0.44186031971923473,0.7777777777777778,-0.33591745805854306,,,,0.004367828369514484,0.010623931884578695,,,,,,,,,,,,,,,negative_leakage_margin
0.14559999495744724,,,0.4476986703908042,,,0.7777777777777778,0.4476986703908042,0.7777777777777778,-0.3300791073869736,,,,0.004520416260767241,0.010623931883576205,,,,,,,,,,,,,,,negative_leakage_margin
0.14659999495744724,,,0.4716743264132095,,,0.7777777777777778,0.4716743264132095,0.7777777777777778,-0.3061034513645683,,,,0.005035400389115588,0.01085281371856479,,,,,,,,,,,,,,,negative_leakage_margin
0.14759999495744724,,,0.4665119996034475,,,0.7777777777777778,0.4665119996034475,0.7777777777777778,-0.31126577817433027,,,,0.0048446655316402186,0.01096725463557589,,,,,,,,,,,,,,,negative_leakage_margin
0.14859999495744725,,,0.4682225146795132,,,0.7777777777777778,0.4682225146795132,0.7777777777777778,-0.3095552630982646,,,,0.0051498413083398515,0.01043319702224607,,,,,,,,,,,,,,,negative_leakage_margin
0.14959999495744725,,,0.48656983560986033,,,0.7777777777777778,0.48656983560986033,0.7777777777777778,-0.29120794216791746,,,,0.004978179932660877,0.01176834106496325,,,,,,,,,,,,,,,negative_leakage_margin
0.15059999495744725,,,0.4905184371189053,,,0.7777777777777778,0.4905184371189053,0.7777777777777778,-0.2872593406588725,,,,0.004634857178182773,0.012683868407626614,,,,,,,,,,,,,,,negative_leakage_margin
0.15159999495744725,,,0.4805164042151186,,,0.7777777777777778,0.4805164042151186,0.7777777777777778,-0.2972613735626592,,,,0.0045967102062363895,0.012226104736328125,,,,,,,,,,,,,,,negative_leakage_margin
0.15259999495744725,,,0.48553787661190295,,,0.7777777777777778,0.48553787661190295,0.7777777777777778,-0.29223990116587484,,,,0.005016326904102957,0.011634826656407176,,,,,,,,,,,,,,,negative_leakage_margin
0.15359999495744725,,,0.43811140824042105,,,0.7777777777777778,0.43811140824042105,0.7777777777777778,-0.33966636953735674,,,,0.005302429201101731,0.008506774903772218,,,,,,,,,,,,,,,negative_leakage_margin
0.15459999495744725,,,0.4601819243673596,,,0.7777777777777778,0.4601819243673596,0.7777777777777778,-0.3175958534104182,,,,0.005683898924737705,0.008907318114386494,,,,,,,,,,,,,,,negative_leakage_margin
0.15559999495744725,,,0.449342557335218,,,0.7777777777777778,0.449342557335218,0.7777777777777778,-0.3284352204425598,,,,0.0055122375504659425,0.008678436278576234,,,,,,,,,,,,,,,negative_leakage_margin
0.15659999495744725,,,0.4490045454724781,,,0.7777777777777778,0.4490045454724781,0.7777777777777778,-0.3287732323052997,,,,0.00553131103548527,0.0086212158203125,,,,,,,,,,,,,,,negative_leakage_margin
0.15759999495744725,,,0.46352619592250316,,,0.7777777777777778,0.46352619592250316,0.7777777777777778,-0.31425158185527463,,,,0.00545501709090127,0.009555816649597485,,,,,,,,,,,,,,,negative_leakage_margin
0.15859999495744725,,,0.4721915722592404,,,0.7777777777777778,0.4721915722592404,0.7777777777777778,-0.3055862055185374,,,,0.005207061769171394,0.01052856444907544,,,,,,,,,,,,,,,negative_leakage_margin
0.15959999495744726,,,0.5222017369121976,,,0.7777777777777778,0.5222017369121976,0.7777777777777778,-0.25557604086558017,,,,0.005397796630325956,0.012817382809832904,,,,,,,,,,,,,,,negative_leakage_margin
0.16059999495744726,,,0.5475806778959504,,,0.7777777777777778,0.5475806778959504,0.7777777777777778,-0.23019709988182735,,,,0.0055122375483593455,0.013942718503917288,,,,,,,,,,,,,,,negative_leakage_margin
0.16159999495744726,,,0.5831408857441095,,,0.7777777777777778,0.5831408857441095,0.7777777777777778,-0.1946368920336683,,,,0.005855560301792739,0.015144348143656873,,,,,,,,,,,,,,,boundary_ambiguous_margin
0.16259999495744726,,,0.5969352750707109,,,0.7777777777777778,0.5969352750707109,0.7777777777777778,-0.18084250270706692,,,,0.006141662597926453,0.015296936035494004,,,,,,,,,,,,,,,boundary_ambiguous_margin
0.16359999495744726,,,0.5592982913836628,,,0.7777777777777778,0.5592982913836628,0.7777777777777778,-0.21847948639411496,,,,0.006618499755248797,0.012302398683200991,,,,,,,,,,,,,,,negative_leakage_margin
0.16459999495744726,,,0.5836144919584781,,,0.7777777777777778,0.5836144919584781,0.7777777777777778,-0.19416328581929965,,,,0.007495880125522328,0.011806488038131373,,,,,,,,,,,,,,,boundary_ambiguous_margin
0.16559999495744726,,,0.5890739187543685,,,0.7777777777777778,0.5890739187543685,0.7777777777777778,-0.18870385902340925,,,,0.006866455079493488,0.013389587400359443,,,,,,,,,,,,,,,boundary_ambiguous_margin
0.16659999495744726,,,0.6214640236896367,,,0.7777777777777778,0.6214640236896367,0.7777777777777778,-0.15631375408814108,,,,0.006866455077094267,0.015125274657584686,,,,,,,,,,,,,,,boundary_ambiguous_margin
0.16759999495744726,,,0.6160762907134378,,,0.7777777777777778,0.6160762907134378,0.7777777777777778,-0.16170148706433995,,,,0.007572174075025894,0.013389587404344944,,,,,,,,,,,,,,,boundary_ambiguous_margin
0.16859999495744726,,,0.6351481451288332,,,0.7777777777777778,0.6351481451288332,0.7777777777777778,-0.14262963264894457,,,,0.009307861327016234,0.010852813720980316,,,,,,,,,,,,,,,boundary_ambiguous_margin
0.16959999495744726,,,0.6459824469443993,,,0.7777777777777778,0.6459824469443993,0.7777777777777778,-0.13179533083337847,,,,0.00871658325167477,0.012645721433389615,,,,,,,,,,,,,,,boundary_ambiguous_margin
0.17059999495744727,,,0.6877318753884382,,,0.7777777777777778,0.6877318753884382,0.7777777777777778,-0.09004590238933963,,,,0.008449554443289495,0.015430450437915761,,,,,,,,,,,,,,,boundary_ambiguous_margin
0.17159999495744727,,,0.735486030444989,,,0.7777777777777778,0.735486030444989,0.7777777777777778,-0.04229174733278884,,,,0.009269714357784406,0.01630783081026619,,,,,,,,,,,,,,,boundary_ambiguous_margin
0.17259999495744727,,,0.7571211249562677,,,0.7777777777777778,0.7571211249562677,0.7777777777777778,-0.02065665282151008,,,,0.011081695552553797,0.013751983644832927,,,,,,,,,,,,,,,boundary_ambiguous_margin
0.17359999495744727,,,0.7962689339439774,,,0.7777777777777778,0.7962689339439774,0.7777777777777778,0.018491156166199563,,,,0.010318756104506176,0.017414093015738527,,,,,,,,,,,,,,,boundary_ambiguous_margin
0.17459999495744727,,,0.8209334716745984,,,0.7777777777777778,0.8209334716745984,0.7777777777777778,0.04315569389682061,,,,0.010051727292648438,0.01928329467489258,,,,,,,,,,,,,,,boundary_ambiguous_margin
0.17559999495744727,,,0.827504149086263,,,0.7777777777777778,0.827504149086263,0.7777777777777778,0.04972637130848523,,,,0.010604858400934261,0.018501281739493964,,,,,,,,,,,,,,,boundary_ambiguous_margin
0.17659999495744727,,,0.863570030261685,,,0.7777777777777778,0.863570030261685,0.7777777777777778,0.0857922524839072,,,,0.012054443356223403,0.018005371094824408,,,,,,,,,,,,,,,boundary_ambiguous_margin
0.17759999495744727,,,0.8557394554745351,,,0.7777777777777778,0.8557394554745351,0.7777777777777778,0.07796167769675733,,,,0.012702941893524392,0.017585754398199087,,,,,,,,,,,,,,,boundary_ambiguous_margin
0.17859999495744727,,,0.8788752446686753,,,0.7777777777777778,0.8788752446686753,0.7777777777777778,0.10109746689089749,,,,0.012454986571543529,0.018825531004559602,,,,,,,,,,,,,,,boundary_ambiguous_margin
0.17959999495744727,,,0.8795871150770546,,,0.7777777777777778,0.8795871150770546,0.7777777777777778,0.10180933729927677,,,,0.011959075932374422,0.018863677975543097,,,,,,,,,,,,,,,boundary_ambiguous_margin
0.18059999495744727,,,0.8600106780735439,,,0.7777777777777778,0.8600106780735439,0.7777777777777778,0.08223290029576613,,,,0.013103485107858626,0.01781463623207017,,,,,,,,,,,,,,,boundary_ambiguous_margin
0.18159999495744727,,,0.8938245239217019,,,0.7777777777777778,0.8938245239217019,0.7777777777777778,0.11604674614392407,,,,0.012245178223021532,0.019626617431494513,,,,,,,,,,,,,,,boundary_ambiguous_margin
0.18259999495744728,,,0.9656300030291309,,,0.7777777777777778,0.9656300030291309,0.7777777777777778,0.18785222525135314,,,,0.01138687134075222,0.02429962158034364,,,,,,,,,,,,,,,boundary_ambiguous_margin
0.18359999495744728,,,0.9635878269786238,,,0.7777777777777778,0.9635878269786238,0.7777777777777778,0.18581004920084598,,,,0.012264251709352834,0.02336502075055298,,,,,,,,,,,,,,,boundary_ambiguous_margin
0.18459999495744728,,,1.0,,,0.7777777777777778,1.0,0.7777777777777778,0.2222222222222222,,,,0.011825561523733326,0.028629302978663538,,,,,,,,,,,,,,,positive_boundary_margin
0.18559999495744728,,,0.9984674330824985,,,0.7777777777777778,0.9984674330824985,0.7777777777777778,0.22068965530472073,,,,0.011749267580054753,0.027599334715609335,,,,,,,,,,,,,,,positive_boundary_margin
0.18659999495744728,,,1.0,,,0.7777777777777778,1.0,0.7777777777777778,0.2222222222222222,,,,0.012168884277940061,0.02769470214970466,,,,,,,,,,,,,,,positive_boundary_margin
0.18759999495744728,,,0.9998932194366765,,,0.7777777777777778,0.9998932194366765,0.7777777777777778,0.22211544165889874,,,,0.01272201537793997,0.025310516358095583,,,,,,,,,,,,,,,positive_boundary_margin
0.18859999495744728,,,0.9773783980195694,,,0.7777777777777778,0.9773783980195694,0.7777777777777778,0.1996006202417916,,,,0.011768341068885278,0.024147033690955524,,,,,,,,,,,,,,,boundary_ambiguous_margin
0.18959999495744728,,,0.940452037727758,,,0.7777777777777778,0.940452037727758,0.7777777777777778,0.1626742599499802,,,,0.012073516847512388,0.022125244141152703,,,,,,,,,,,,,,,boundary_ambiguous_margin
0.19059999495744728,,,0.9714184018247587,,,0.7777777777777778,0.9714184018247587,0.7777777777777778,0.1936406240469809,,,,0.012378692626347497,0.023784637450339135,,,,,,,,,,,,,,,boundary_ambiguous_margin
0.19159999495744728,,,0.9778252357881431,,,0.7777777777777778,0.9778252357881431,0.7777777777777778,0.20004745801036528,,,,0.01239776611138072,0.024127960204621997,,,,,,,,,,,,,,,positive_boundary_margin
0.19259999495744728,,,1.0,,,0.7777777777777778,1.0,0.7777777777777778,0.2222222222222222,,,,0.012226104736862127,0.02592086792053216,,,,,,,,,,,,,,,positive_boundary_margin
0.19359999495744729,,,0.9970078454094644,,,0.7777777777777778,0.9970078454094644,0.7777777777777778,0.21923006763168662,,,,0.011711120607229415,0.026168823241421994,,,,,,,,,,,,,,,positive_boundary_margin
0.1945999949574473,,,1.0,,,0.7777777777777778,1.0,0.7777777777777778,0.2222222222222222,,,,0.01211166381643767,0.02752304077086943,,,,,,,,,,,,,,,positive_boundary_margin
0.1955999949574473,,,0.9991972268035512,,,0.7777777777777778,0.9991972268035512,0.7777777777777778,0.22141944902577337,,,,0.011768341063449709,0.029048919677734375,,,,,,,,,,,,,,,positive_boundary_margin
0.1965999949574473,,,0.9999270206129942,,,0.7777777777777778,0.9999270206129942,0.7777777777777778,0.22214924283521642,,,,0.011787414549154787,0.029163360598491346,,,,,,,,,,,,,,,positive_boundary_margin
0.1975999949574473,,,0.9853311439887669,,,0.7777777777777778,0.9853311439887669,0.7777777777777778,0.20755336621098908,,,,0.011405944823674742,0.029830932618974952,,,,,,,,,,,,,,,positive_boundary_margin
0.1985999949574473,,,0.978762999363742,,,0.7777777777777778,0.978762999363742,0.7777777777777778,0.2009852215859642,,,,0.011234283443442012,0.028533935550776646,,,,,,,,,,,,,,,positive_boundary_margin
0.1995999949574473,,,0.9575369282462619,,,0.7777777777777778,0.9575369282462619,0.7777777777777778,0.17975915046848412,,,,0.014171600345009248,0.023040771483199742,,,,,,,,,,,,,,,boundary_ambiguous_margin
0.2005999949574473,,,0.9977376392084675,,,0.7777777777777778,0.9977376392084675,0.7777777777777778,0.21995986143068968,,,,0.011730194092661643,0.02698898315374657,,,,,,,,,,,,,,,positive_boundary_margin
0.2015999949574473,,,0.9232986681594663,,,0.7777777777777778,0.9232986681594663,0.7777777777777778,0.14552089038168847,,,,0.009784698485775966,0.025424957273260867,,,,,,,,,,,,,,,boundary_ambiguous_margin
0.2025999949574473,,,0.8729428936901805,,,0.7777777777777778,0.8729428936901805,0.7777777777777778,0.09516511591240273,,,,0.008468627929845896,0.026874542236248928,,,,,,,,,,,,,,,boundary_ambiguous_margin
0.2035999949574473,,,0.8722130998052013,,,0.7777777777777778,0.8722130998052013,0.7777777777777778,0.09443532202742355,,,,0.008449554442166647,0.02624511718718194,,,,,,,,,,,,,,,boundary_ambiguous_margin
0.2045999949574473,,,0.8663747491723697,,,0.7777777777777778,0.8663747491723697,0.7777777777777778,0.08859697139459188,,,,0.008296966552415255,0.026073455807754577,,,,,,,,,,,,,,,boundary_ambiguous_margin
0.2055999949574473,,,0.8495902507947843,,,0.7777777777777778,0.8495902507947843,0.7777777777777778,0.07181247301700655,,,,0.007972717285076205,0.025081634521084153,,,,,,,,,,,,,,,boundary_ambiguous_margin
0.2065999949574473,,,0.9057836161879695,,,0.7777777777777778,0.9057836161879695,0.7777777777777778,0.12800583841019175,,,,0.009326934814613849,0.02544403076171875,,,,,,,,,,,,,,,boundary_ambiguous_margin
0.2075999949574473,,,0.8537461404194767,,,0.7777777777777778,0.8537461404194767,0.7777777777777778,0.07596836264169893,,,,0.009365081789449092,0.022449493409655363,,,,,,,,,,,,,,,boundary_ambiguous_margin
0.2085999949574473,,,0.8979126942915563,,,0.7777777777777778,0.8979126942915563,0.7777777777777778,0.1201349165137785,,,,0.011291503907221336,0.02086639404474953,,,,,,,,,,,,,,,boundary_ambiguous_margin
0.2095999949574473,,,0.7490961205505244,,,0.7777777777777778,0.7490961205505244,0.7777777777777778,-0.028681657227253354,,,,0.008602142337476373,0.018405914308914487,,,,,,,,,,,,,,,boundary_ambiguous_margin
0.2105999949574473,,,0.7785541919533218,,,0.7777777777777778,0.7785541919533218,0.7777777777777778,0.0007764141755439713,,,,0.00926971435465348,0.018615722657717486,,,,,,,,,,,,,,,boundary_ambiguous_margin
0.2115999949574473,,,0.7738374170974841,,,0.7777777777777778,0.7738374170974841,0.7777777777777778,-0.003940360680293686,,,,0.0091743469219457,0.01855850219931174,,,,,,,,,,,,,,,boundary_ambiguous_margin
0.2125999949574473,,,0.7592261497286953,,,0.7777777777777778,0.7592261497286953,0.7777777777777778,-0.018551628049082503,,,,0.009155273437171563,0.017814636231289843,,,,,,,,,,,,,,,boundary_ambiguous_margin
0.2135999949574473,,,0.7284851920118838,,,0.7777777777777778,0.7284851920118838,0.7777777777777778,-0.049292585765894015,,,,0.008258819588397893,0.01800537109020792,,,,,,,,,,,,,,,boundary_ambiguous_margin
0.2145999949574473,,,0.7321366934780706,,,0.7777777777777778,0.7321366934780706,0.7777777777777778,-0.045641084299707146,,,,0.008735656736544726,0.01722335815239497,,,,,,,,,,,,,,,boundary_ambiguous_margin
0.2155999949574473,,,0.7196047347511191,,,0.7777777777777778,0.7196047347511191,0.7777777777777778,-0.05817304302665871,,,,0.008277893067817408,0.017490386964965857,,,,,,,,,,,,,,,boundary_ambiguous_margin
0.2165999949574473,,,0.7118817001548225,,,0.7777777777777778,0.7118817001548225,0.7777777777777778,-0.06589607762295524,,,,0.008392333983708809,0.016841888427484554,,,,,,,,,,,,,,,boundary_ambiguous_margin
0.2175999949574473,,,0.6805005653407395,,,0.7777777777777778,0.6805005653407395,0.7777777777777778,-0.09727721243703824,,,,0.007572174071597316,0.016841888428402684,,,,,,,,,,,,,,,boundary_ambiguous_margin
0.2185999949574473,,,0.6753740851210746,,,0.7777777777777778,0.6753740851210746,0.7777777777777778,-0.10240369265670324,,,,0.007419586181808337,0.016880035399719776,,,,,,,,,,,,,,,boundary_ambiguous_margin
0.2195999949574473,,,0.7051598430213624,,,0.7777777777777778,0.7051598430213624,0.7777777777777778,-0.07261793475641543,,,,0.009193420407378512,0.014839172364543858,,,,,,,,,,,,,,,boundary_ambiguous_margin
0.2205999949574473,,,0.6068886030276506,,,0.7777777777777778,0.6068886030276506,0.7777777777777778,-0.17088917475012722,,,,0.00688552856234216,0.014305114745333802,,,,,,,,,,,,,,,boundary_ambiguous_margin
0.2215999949574473,,,0.567518115513882,,,0.7777777777777778,0.567518115513882,0.7777777777777778,-0.2102596622638958,,,,0.006275177001275499,0.01344680785988817,,,,,,,,,,,,,,,negative_leakage_margin
0.2225999949574473,,,0.5628192641018734,,,0.7777777777777778,0.5628192641018734,0.7777777777777778,-0.21495851367590435,,,,0.006198883055620373,0.013351440430027584,,,,,,,,,,,,,,,negative_leakage_margin
0.2235999949574473,,,0.5573010018312888,,,0.7777777777777778,0.5573010018312888,0.7777777777777778,-0.22047677594648896,,,,0.006008148192335312,0.013446807859706693,,,,,,,,,,,,,,,negative_leakage_margin
0.2245999949574473,,,0.588062415923832,,,0.7777777777777778,0.588062415923832,0.7777777777777778,-0.18971536185394577,,,,0.007305145263243859,0.012435913087307153,,,,,,,,,,,,,,,boundary_ambiguous_margin
0.22559999495744731,,,0.5263500285041353,,,0.7777777777777778,0.5263500285041353,0.7777777777777778,-0.25142774927364253,,,,0.005645751951922849,0.012531280519295484,,,,,,,,,,,,,,,negative_leakage_margin
0.22659999495744731,,,0.48260077786121375,,,0.7777777777777778,0.48260077786121375,0.7777777777777778,-0.29517699991656404,,,,0.004920959471018723,0.011672973630744045,,,,,,,,,,,,,,,negative_leakage_margin
0.22759999495744732,,,0.5139306751804325,,,0.7777777777777778,0.5139306751804325,0.7777777777777778,-0.26384710259734534,,,,0.006065368650094665,0.011005401611328125,,,,,,,,,,,,,,,negative_leakage_margin
0.22859999495744732,,,0.45209788952369556,,,0.7777777777777778,0.45209788952369556,0.7777777777777778,-0.32567988825408223,,,,0.005035400392013287,0.009803771975259288,,,,,,,,,,,,,,,negative_leakage_margin
0.22959999495744732,,,0.4614622780909934,,,0.7777777777777778,0.4614622780909934,0.7777777777777778,-0.3163154996867844,,,,0.005531311033328564,0.009288787842232037,,,,,,,,,,,,,,,negative_leakage_margin
0.23059999495744732,,,0.43679267494347496,,,0.7777777777777778,0.43679267494347496,0.7777777777777778,-0.34098510283430283,,,,0.005035400389402096,0.008983612061595078,,,,,,,,,,,,,,,negative_leakage_margin
0.23159999495744732,,,0.3043670445712119,,,0.7777777777777778,0.3043670445712119,0.7777777777777778,-0.4734107332065659,,,,0.00236511230302181,0.007362365723006922,,,,,,,,,,,,,,,negative_leakage_margin
0.23259999495744732,,,0.2002163470940182,,,0.7777777777777778,0.2002163470940182,0.7777777777777778,-0.5775614306837595,,,,0.0017547607422754327,0.003032684327314999,,,,,,,,,,,,,,,negative_leakage_margin
0.23359999495744732,,,0.1626818383933162,,,0.7777777777777778,0.1626818383933162,0.7777777777777778,-0.6150959393844616,,,,0.0015830993637350208,0.0013732910158013947,,,,,,,,,,,,,,,negative_leakage_margin
0.23459999495744732,,,0.055418704596274196,,,0.7777777777777778,0.055418704596274196,0.7777777777777778,-0.7223590731815036,,,,-6.675720298932947e-05,-0.0009918212882658655,,,,,,,,,,,,,,,negative_leakage_margin
0.23559999495744732,,,0.0376026272450541,,,0.7777777777777778,0.0376026272450541,0.7777777777777778,-0.7401751505327236,,,,-0.0002956390392851773,-0.002231597899946462,,,,,,,,,,,,,,,negative_leakage_margin
0.23659999495744732,,,0.01972267833291204,,,0.7777777777777778,0.01972267833291204,0.7777777777777778,-0.7580550994448657,,,,-0.000762939454238716,-0.0017356872555920832,,,,,,,,,,,,,,,negative_leakage_margin
0.23759999495744732,,,0.00731618320630835,,,0.7777777777777778,0.00731618320630835,0.7777777777777778,-0.7704615945714695,,,,-0.001087188720792487,-0.0019073486317401564,,,,,,,,,,,,,,,negative_leakage_margin
0.23859999495744733,,,0.0022076263733206516,,,0.7777777777777778,0.0022076263733206516,0.7777777777777778,-0.7755701514044572,,,,-0.0012207031250896796,-0.0016784667972337185,,,,,,,,,,,,,,,negative_leakage_margin
0.23959999495744733,,,0.0,,,0.7777777777777778,0.0,0.7777777777777778,-0.7777777777777778,,,,-0.0014686584460056635,-0.001678466796515011,,,,,,,,,,,,,,,negative_leakage_margin
0.24059999495744733,,,0.0,,,0.7777777777777778,0.0,0.7777777777777778,-0.7777777777777778,,,,-0.0012874603271935685,-0.0018310546868681664,,,,,,,,,,,,,,,negative_leakage_margin
0.24159999495744733,,,0.0,,,0.7777777777777778,0.0,0.7777777777777778,-0.7777777777777778,,,,-0.003585815419322199,-0.00213623046766368,,,,,,,,,,,,,,,negative_leakage_margin
0.24259999495744733,,,0.0,,,0.7777777777777778,0.0,0.7777777777777778,-0.7777777777777778,,,,-0.0012969970697674343,-0.001850128173828125,,,,,,,,,,,,,,,negative_leakage_margin
0.24359999495744733,,,0.0,,,0.7777777777777778,0.0,0.7777777777777778,-0.7777777777777778,,,,-0.0012874603273763422,-0.0021362304672914094,,,,,,,,,,,,,,,negative_leakage_margin
0.24459999495744733,,,0.0,,,0.7777777777777778,0.0,0.7777777777777778,-0.7777777777777778,,,,-0.0013351440438830163,-0.0018882751451129757,,,,,,,,,,,,,,,negative_leakage_margin
0.24559999495744733,,,0.002937420210034211,,,0.7777777777777778,0.002937420210034211,0.7777777777777778,-0.7748403575677436,,,,-0.001201629638671875,-0.0020027160643614336,,,,,,,,,,,,,,,negative_leakage_margin
0.24659999495744733,,,0.0,,,0.7777777777777778,0.0,0.7777777777777778,-0.7777777777777778,,,,-0.001430511474425357,-0.0019645690906007584,,,,,,,,,,,,,,,negative_leakage_margin
0.24759999495744733,,,0.0,,,0.7777777777777778,0.0,0.7777777777777778,-0.7777777777777778,,,,-0.0014114379875426373,-0.001831054687315347,,,,,,,,,,,,,,,negative_leakage_margin
0.24859999495744733,,,0.0011129356144290413,,,0.7777777777777778,0.0011129356144290413,0.7777777777777778,-0.7766648421633487,,,,-0.001249313354816257,-0.0019264221186776685,,,,,,,,,,,,,,,negative_leakage_margin
0.24959999495744734,,,0.0,,,0.7777777777777778,0.0,0.7777777777777778,-0.7777777777777778,,,,-0.001411437988141966,-0.0017356872549308153,,,,,,,,,,,,,,,negative_leakage_margin
0.25059999495744734,,,0.010198372006966458,,,0.7777777777777778,0.010198372006966458,0.7777777777777778,-0.7675794057708113,,,,-0.0012207031256522153,-0.0010490417485127432,,,,,,,,,,,,,,,negative_leakage_margin
0.25159999495744734,,,0.0023498738410849588,,,0.7777777777777778,0.0023498738410849588,0.7777777777777778,-0.7754279039366928,,,,-0.0012397766112813794,-0.0014305114731135147,,,,,,,,,,,,,,,negative_leakage_margin
0.25259999495744734,,,0.0005433126357719944,,,0.7777777777777778,0.0005433126357719944,0.7777777777777778,-0.7772344651420058,,,,-0.0012683868409140684,-0.0014686584463280655,,,,,,,,,,,,,,,negative_leakage_margin
0.25359999495744734,,,0.004539255319824409,,,0.7777777777777778,0.004539255319824409,0.7777777777777778,-0.7732385224579534,,,,-0.0011825561525317914,-0.001430511473763189,,,,,,,,,,,,,,,negative_leakage_margin
0.25459999495744734,,,0.007634810389491181,,,0.7777777777777778,0.007634810389491181,0.7777777777777778,-0.7701429673882866,,,,-0.001344680785378106,-0.001068115237299487,,,,,,,,,,,,,,,negative_leakage_margin
0.25559999495744734,,,0.0008902861068334454,,,0.7777777777777778,0.0008902861068334454,0.7777777777777778,-0.7768874916709444,,,,-0.0012779235849309342,-0.0014305114747040308,,,,,,,,,,,,,,,negative_leakage_margin
0.25659999495744734,,,0.0008720412891680256,,,0.7777777777777778,0.0008720412891680256,0.7777777777777778,-0.7769057364886097,,,,-0.0013160705554066568,-0.0014305114734703274,,,,,,,,,,,,,,,negative_leakage_margin
0.25759999495744734,,,0.020663880495982667,,,0.7777777777777778,0.020663880495982667,0.7777777777777778,-0.7571138972817951,,,,-0.0010681152351840752,-0.0008010864277801418,,,,,,,,,,,,,,,negative_leakage_margin
0.25859999495744734,,,0.012423600282563077,,,0.7777777777777778,0.012423600282563077,0.7777777777777778,-0.7653541774952147,,,,-0.0011253356941233988,-0.0011253356942189016,,,,,,,,,,,,,,,negative_leakage_margin
0.25959999495744734,,,0.004841420364179737,,,0.7777777777777778,0.004841420364179737,0.7777777777777778,-0.772936357413598,,,,-0.0012397766114239457,-0.001296997069354294,,,,,,,,,,,,,,,negative_leakage_margin
0.26059999495744735,,,0.006211069554117075,,,0.7777777777777778,0.006211069554117075,0.7777777777777778,-0.7715667082236607,,,,-0.0013160705568327955,-0.0011444091802640117,,,,,,,,,,,,,,,negative_leakage_margin
0.26159999495744735,,,0.00784125098507059,,,0.7777777777777778,0.00784125098507059,0.7777777777777778,-0.7699365267927072,,,,-0.0010776519777317625,-0.0014686584452422752,,,,,,,,,,,,,,,negative_leakage_margin
0.26259999495744735,,,0.0051973555968668015,,,0.7777777777777778,0.0051973555968668015,0.7777777777777778,-0.7725804221809109,,,,-0.0012397766112797913,-0.001277923582631028,,,,,,,,,,,,,,,negative_leakage_margin
0.26359999495744735,,,0.013473482573678829,,,0.7777777777777778,0.013473482573678829,0.7777777777777778,-0.7643042952040989,,,,-0.0011444091796390073,-0.0010299682628825734,,,,,,,,,,,,,,,negative_leakage_margin
0.26459999495744735,,,0.0054991991361692085,,,0.7777777777777778,0.0054991991361692085,0.7777777777777778,-0.7722785786416085,,,,-0.0013351440420448753,-0.0011825561517602502,,,,,,,,,,,,,,,negative_leakage_margin
0.26559999495744735,,,0.005873379268576537,,,0.7777777777777778,0.005873379268576537,0.7777777777777778,-0.7719043985092012,,,,-0.001277923582814199,-0.0011634826659181103,,,,,,,,,,,,,,,negative_leakage_margin
0.26659999495744735,,,0.014586096770933669,,,0.7777777777777778,0.014586096770933669,0.7777777777777778,-0.7631916810068441,,,,-0.0010967254628888644,-0.0010681152345706647,,,,,,,,,,,,,,,negative_leakage_margin
0.26759999495744735,,,0.011951163049257028,,,0.7777777777777778,0.011951163049257028,0.7777777777777778,-0.7658266147285208,,,,-0.0012493133542958877,-0.0008964538578144748,,,,,,,,,,,,,,,negative_leakage_margin
0.26859999495744735,,,0.009184336534412089,,,0.7777777777777778,0.009184336534412089,0.7777777777777778,-0.7685934412433657,,,,-0.0011634826663600762,-0.001220703125787317,,,,,,,,,,,,,,,negative_leakage_margin
0.26959999495744735,,,0.009842436828369154,,,0.7777777777777778,0.009842436828369154,0.7777777777777778,-0.7679353409494086,,,,-0.0012207031248026414,-0.001068115234375,,,,,,,,,,,,,,,negative_leakage_margin
0.27059999495744735,,,0.012815382326967075,,,0.7777777777777778,0.012815382326967075,0.7777777777777778,-0.7649623954508107,,,,-0.0010871887213961039,-0.0011825561513537802,,,,,,,,,,,,,,,negative_leakage_margin
0.27159999495744735,,,0.0045123702617977934,,,0.7777777777777778,0.0045123702617977934,0.7777777777777778,-0.7732654075159799,,,,-0.0012111663814883364,-0.0013732910141352808,,,,,,,,,,,,,,,negative_leakage_margin
0.27259999495744736,,,0.01313547077547264,,,0.7777777777777778,0.01313547077547264,0.7777777777777778,-0.7646423070023052,,,,-0.0011253356927121096,-0.0010871887215993389,,,,,,,,,,,,,,,negative_leakage_margin
0.27359999495744736,,,0.010279027218651295,,,0.7777777777777778,0.010279027218651295,0.7777777777777778,-0.7674987505591265,,,,-0.001134872439918134,-0.0012207031230530418,,,,,,,,,,,,,,,negative_leakage_margin
0.27459999495744736,,,0.017888092315176008,,,0.7777777777777778,0.017888092315176008,0.7777777777777778,-0.7598896854626018,,,,-0.0009918212910657329,-0.0011062622064302802,,,,,,,,,,,,,,,negative_leakage_margin
0.27559999495744736,,,0.010901280797295009,,,0.7777777777777778,0.010901280797295009,0.7777777777777778,-0.7668764969804828,,,,-0.0012302398673099885,-0.0009918212900672928,,,,,,,,,,,,,,,negative_leakage_margin
0.27659999495744736,,,0.014933070264055593,,,0.7777777777777778,0.014933070264055593,0.7777777777777778,-0.7628447075137222,,,,-0.001106262206829762,-0.001029968261920238,,,,,,,,,,,,,,,negative_leakage_margin
0.27759999495744736,,,0.02648430781278245,,,0.7777777777777778,0.02648430781278245,0.7777777777777778,-0.7512934699649954,,,,-0.0009346008295730816,-0.0007629394554481996,,,,,,,,,,,,,,,negative_leakage_margin
0.27859999495744736,,,0.0,,,0.7777777777777778,0.0,0.7777777777777778,-0.7777777777777778,,,,-0.0023269653255463658,-0.0016403198199630446,,,,,,,,,,,,,,,negative_leakage_margin
0.27959999495744736,,,0.013189240973151002,,,0.7777777777777778,0.013189240973151002,0.7777777777777778,-0.7645885368046268,,,,-0.001068115234375,-0.0012016296373505036,,,,,,,,,,,,,,,negative_leakage_margin
0.28059999495744736,,,0.009513386698870512,,,0.7777777777777778,0.009513386698870512,0.7777777777777778,-0.7682643910789073,,,,-0.0011920928958135384,-0.0011444091786684135,,,,,,,,,,,,,,,negative_leakage_margin
0.28159999495744736,,,0.018208180758829455,,,0.7777777777777778,0.018208180758829455,0.7777777777777778,-0.7595695970189483,,,,-0.0010299682625872235,-0.001010894776514532,,,,,,,,,,,,,,,negative_leakage_margin
0.28259999495744736,,,0.007634810436415343,,,0.7777777777777778,0.007634810436415343,0.7777777777777778,-0.7701429673413624,,,,-0.0012874603254060908,-0.001068115234784964,,,,,,,,,,,,,,,negative_leakage_margin
0.28359999495744737,,,0.013712915830838685,,,0.7777777777777778,0.013712915830838685,0.7777777777777778,-0.7640648619469391,,,,-0.0012683868390725658,-0.0007629394526109569,,,,,,,,,,,,,,,negative_leakage_margin
0.28459999495744737,,,0.015938144047509883,,,0.7777777777777778,0.015938144047509883,0.7777777777777778,-0.7618396337302679,,,,-0.0011730194090250775,-0.0008392333984375,,,,,,,,,,,,,,,negative_leakage_margin
0.28559999495744737,,,0.013054815510163771,,,0.7777777777777778,0.013054815510163771,0.7777777777777778,-0.764722962267614,,,,-0.0012111663809575644,-0.0009155273447833802,,,,,,,,,,,,,,,negative_leakage_margin
0.28659999495744737,,,0.011221369287131354,,,0.7777777777777778,0.011221369287131354,0.7777777777777778,-0.7665564084906464,,,,-0.0012683868390063386,-0.0008964538573182193,,,,,,,,,,,,,,,negative_leakage_margin
0.28759999495744737,,,0.015172503527352214,,,0.7777777777777778,0.015172503527352214,0.7777777777777778,-0.7626052742504256,,,,-0.0012302398622895713,-0.0007629394594673709,,,,,,,,,,,,,,,negative_leakage_margin
0.28859999495744737,,,0.017744705209421438,,,0.7777777777777778,0.017744705209421438,0.7777777777777778,-0.7600330725683564,,,,-0.001144409180000214,-0.00080108642630244,,,,,,,,,,,,,,,negative_leakage_margin
0.28959999495744737,,,0.016961141265536828,,,0.7777777777777778,0.016961141265536828,0.7777777777777778,-0.760816636512241,,,,-0.0012207031229099462,-0.000686645509484543,,,,,,,,,,,,,,,negative_leakage_margin
0.29059999495744737,,,0.0051432639015706405,,,0.7777777777777778,0.0051432639015706405,0.7777777777777778,-0.7726345138762072,,,,-0.001420974725156093,-0.0012016296388815157,,,,,,,,,,,,,,,negative_leakage_margin
0.2915999949574474,,,0.023262967478878627,,,0.7777777777777778,0.023262967478878627,0.7777777777777778,-0.7545148102988992,,,,-0.0009536743161959741,-0.0008964538571064611,,,,,,,,,,,,,,,negative_leakage_margin
0.2925999949574474,,,0.016676899622379282,,,0.7777777777777778,0.016676899622379282,0.7777777777777778,-0.7611008781553985,,,,-0.00114440917810646,-0.0008583068852926383,,,,,,,,,,,,,,,negative_leakage_margin
0.2935999949574474,,,0.017104528384658205,,,0.7777777777777778,0.017104528384658205,0.7777777777777778,-0.7606732493931195,,,,-0.0010681152336881623,-0.0009918212894851695,,,,,,,,,,,,,,,negative_leakage_margin
0.2945999949574474,,,0.022996649209131227,,,0.7777777777777778,0.022996649209131227,0.7777777777777778,-0.7547811285686465,,,,-0.00085830688529555,-0.00110626220618337,,,,,,,,,,,,,,,negative_leakage_margin
0.2955999949574474,,,0.022248932006253143,,,0.7777777777777778,0.022248932006253143,0.7777777777777778,-0.7555288457715247,,,,-0.0008964538576344803,-0.0010681152328867632,,,,,,,,,,,,,,,negative_leakage_margin
0.2965999949574474,,,0.022577982143723994,,,0.7777777777777778,0.022577982143723994,0.7777777777777778,-0.7551997956340538,,,,-0.0009250640869140625,-0.0009918212875705574,,,,,,,,,,,,,,,negative_leakage_margin
0.2975999949574474,,,0.0265560014516337,,,0.7777777777777778,0.0265560014516337,0.7777777777777778,-0.7512217763261441,,,,-0.000858306884551961,-0.0009155273420406875,,,,,,,,,,,,,,,negative_leakage_margin
0.2985999949574474,,,0.025853092635960306,,,0.7777777777777778,0.025853092635960306,0.7777777777777778,-0.7519246851418175,,,,-0.0008487701425123347,-0.0009727478026272254,,,,,,,,,,,,,,,negative_leakage_margin
0.2995999949574474,,,0.02022729004979625,,,0.7777777777777778,0.02022729004979625,0.7777777777777778,-0.7575504877279815,,,,-0.0011539459217768894,-0.0006484985385952038,,,,,,,,,,,,,,,negative_leakage_margin
0.3005999949574474,,,0.028239631498794233,,,0.7777777777777778,0.028239631498794233,0.7777777777777778,-0.7495381462789835,,,,-0.0005817413355933805,-0.001392364496674257,,,,,,,,,,,,,,,negative_leakage_margin
0.3015999949574474,,,0.023645787736222314,,,0.7777777777777778,0.023645787736222314,0.7777777777777778,-0.7541319900415555,,,,-0.0009250640877240377,-0.0009346008305101118,,,,,,,,,,,,,,,negative_leakage_margin
0.3025999949574474,,,0.024028608118503682,,,0.7777777777777778,0.024028608118503682,0.7777777777777778,-0.7537491696592741,,,,-0.0008964538568261461,-0.0009727478021928033,,,,,,,,,,,,,,,negative_leakage_margin
0.3035999949574474,,,0.022533173662174985,,,0.7777777777777778,0.022533173662174985,0.7777777777777778,-0.7552446041156028,,,,-0.000972747802625743,-0.0008964538560096594,,,,,,,,,,,,,,,negative_leakage_margin
0.3045999949574474,,,0.031165235867266737,,,0.7777777777777778,0.031165235867266737,0.7777777777777778,-0.7466125419105111,,,,-0.000877380370930405,-0.0006294250495904017,,,,,,,,,,,,,,,negative_leakage_margin
0.3055999949574474,,,0.03585512556717199,,,0.7777777777777778,0.03585512556717199,0.7777777777777778,-0.7419226522106058,,,,-0.0008106231695457001,-0.0005149841319509887,,,,,,,,,,,,,,,negative_leakage_margin
0.3065999949574474,,,0.019213254607190214,,,0.7777777777777778,0.019213254607190214,0.7777777777777778,-0.7585645231705875,,,,-0.0010967254634292715,-0.000820159912328333,,,,,,,,,,,,,,,negative_leakage_margin
0.3075999949574474,,,0.03669245968808362,,,0.7777777777777778,0.03669245968808362,0.7777777777777778,-0.7410853180896941,,,,-0.0006771087679423369,-0.0007438659663576884,,,,,,,,,,,,,,,negative_leakage_margin
0.3085999949574474,,,0.030187047186338422,,,0.7777777777777778,0.030187047186338422,0.7777777777777778,-0.7475907305914393,,,,-0.000782012939453125,-0.0008773803709836886,,,,,,,,,,,,,,,negative_leakage_margin
0.3095999949574474,,,0.03626483100293121,,,0.7777777777777778,0.03626483100293121,0.7777777777777778,-0.7415129467748466,,,,-0.0007534027101815896,-0.0006103515625,,,,,,,,,,,,,,,negative_leakage_margin
0.3105999949574474,,,,,,1.0,,1.0,,,,,,,,,,,,,,,,,,,,,insufficient_data
