timestep,eps0.05_standard,eps0.05_standard_aligned,eps0.05_polarized,eps0.05_polarized_aligned,eps0.50_thermal,eps0.50_thermal_aligned
0,1.0,1.0,1.0,1.0,1.0,1.0
1,-0.9494505929320269,0.9494505929320269,-0.8833240652386016,0.8833240652386016,0.00973740308193075,-0.00973740308193075
2,0.8460396799604077,0.8460396799604077,0.8726924177435429,0.8726924177435429,0.007242883976186762,0.007242883976186762
3,-0.7928688576176237,0.7928688576176237,-0.7705441692892954,0.7705441692892954,-0.0028514457858328196,0.0028514457858328196
4,0.7016721943055748,0.7016721943055748,0.7554431538043808,0.7554431538043808,0.017883152738001028,0.017883152738001028
5,-0.6647050819988622,0.6647050819988622,-0.6728010695360699,0.6728010695360699,0.0029345774994394254,-0.0029345774994394254
6,0.5937230439625044,0.5937230439625044,0.6445389149329418,0.6445389149329418,0.006527221594845201,0.006527221594845201
7,-0.5504502483781007,0.5504502483781007,-0.5801936522103844,0.5801936522103844,0.00019877904364369757,-0.00019877904364369757
8,0.5046803098951848,0.5046803098951848,0.563855936234243,0.563855936234243,0.004886406476338222,0.004886406476338222
9,-0.471367362345918,0.471367362345918,-0.5102720906688957,0.5102720906688957,0.004745344306446282,-0.004745344306446282
10,0.4223689966708575,0.4223689966708575,0.46834438246608145,0.46834438246608145,-0.00018146781012174062,-0.00018146781012174062
11,-0.408699002437099,0.408699002437099,-0.428932270643337,0.428932270643337,0.0021096316847737414,-0.0021096316847737414
12,0.36989482908157223,0.36989482908157223,0.4105641934712292,0.4105641934712292,0.002292558891273591,0.002292558891273591
13,-0.6012642897557094,0.6012642897557094,-0.7151119501369796,0.7151119501369796,0.0009298530918057867,-0.0009298530918057867
14,0.5914693001520184,0.5914693001520184,0.7331927680575884,0.7331927680575884,0.003538418591820822,0.003538418591820822
15,-0.602164304767699,0.602164304767699,-0.719973621684155,0.719973621684155,0.0020416266665738555,-0.0020416266665738555
16,0.6002943874024449,0.6002943874024449,0.7190336297059153,0.7190336297059153,0.0013358108939138952,0.0013358108939138952
17,-0.6133202500615099,0.6133202500615099,-0.7233934401878404,0.7233934401878404,0.0011822630960616003,-0.0011822630960616003
18,0.6030373208114425,0.6030373208114425,0.7234277792232768,0.7234277792232768,0.0007226981225383866,0.0007226981225383866
19,-0.6249270316470706,0.6249270316470706,-0.720256315771667,0.720256315771667,0.00010512756411581528,-0.00010512756411581528
20,0.6119180649658175,0.6119180649658175,0.7370061628665225,0.7370061628665225,0.0015854881538870356,0.0015854881538870356
21,-0.6364719329811384,0.6364719329811384,-0.7374546971065002,0.7374546971065002,0.0003951995958152753,-0.0003951995958152753
22,0.6277286287010727,0.6277286287010727,0.7358603532000235,0.7358603532000235,-0.0008272224556169317,-0.0008272224556169317
23,-0.6037345558544853,0.6037345558544853,-0.7563717697048843,0.7563717697048843,0.001705470682821606,-0.001705470682821606
24,0.6259434721217803,0.6259434721217803,0.7484420214120733,0.7484420214120733,0.000915359744309196,0.000915359744309196
25,-0.5731509731221198,0.5731509731221198,-0.7542012848721588,0.7542012848721588,-0.0003903420544725361,0.0003903420544725361
26,0.5668424409634829,0.5668424409634829,0.7633805372773608,0.7633805372773608,0.002009559743741397,0.002009559743741397
27,-0.5822276791907768,0.5822276791907768,-0.7695249473497217,0.7695249473497217,2.395584323421035e-05,-2.395584323421035e-05
28,0.5750307623795962,0.5750307623795962,0.7671096098238454,0.7671096098238454,-0.0009854165185886107,-0.0009854165185886107
29,-0.5975479733998772,0.5975479733998772,-0.7555159684025127,0.7555159684025127,-0.0010280798994142927,0.0010280798994142927
30,0.5935930059184883,0.5935930059184883,0.79291679878805,0.79291679878805,0.00023546760152479254,0.00023546760152479254
31,-0.6177235254239346,0.6177235254239346,-0.8021786755431503,0.8021786755431503,0.0007752732810238732,-0.0007752732810238732
32,0.4997880287972712,0.4997880287972712,0.800425046125603,0.800425046125603,0.0014449256215780773,0.0014449256215780773
33,-0.7274305689504481,0.7274305689504481,-0.8436905467015435,0.8436905467015435,-0.00039423651057977747,0.00039423651057977747
34,0.6361421852216859,0.6361421852216859,0.8479107995851725,0.8479107995851725,9.438861630210757e-05,9.438861630210757e-05
35,-0.6661268982583266,0.6661268982583266,-0.8417553242135802,0.8417553242135802,-0.0006482567662342491,0.0006482567662342491
36,0.631811759234211,0.631811759234211,0.8220487413789295,0.8220487413789295,0.0013163604491296214,0.0013163604491296214
37,-0.6875376270926097,0.6875376270926097,-0.6962848189119051,0.6962848189119051,0.000203432517080637,-0.000203432517080637
38,0.5475106609995042,0.5475106609995042,0.8391717509096202,0.8391717509096202,-0.000990096124963675,-0.000990096124963675
39,-0.7113030144230806,0.7113030144230806,-0.8661442923993476,0.8661442923993476,-0.00195698363664501,0.00195698363664501
40,0.7717503604530066,0.7717503604530066,0.8736654118453534,0.8736654118453534,0.00030389633942483026,0.00030389633942483026
41,-0.8398131340590168,0.8398131340590168,-0.9491069981503175,0.9491069981503175,0.0010114513552336825,-0.0010114513552336825
42,0.7315113801765558,0.7315113801765558,0.9755573059609128,0.9755573059609128,0.0018294884517198128,0.0018294884517198128
43,-0.8493343872008703,0.8493343872008703,-0.9523731409660737,0.9523731409660737,0.0008767035781726961,-0.0008767035781726961
44,0.49531006457563476,0.49531006457563476,0.7906392343328507,0.7906392343328507,0.002156006936816586,0.002156006936816586
45,-0.8111468356523528,0.8111468356523528,-0.8468443785690641,0.8468443785690641,-0.00013797133995691437,0.00013797133995691437
46,0.3879637363812269,0.3879637363812269,1.1108110053191813,1.1108110053191813,0.0003949870537765154,0.0003949870537765154
47,-0.9263196312320175,0.9263196312320175,-1.1219537068699095,1.1219537068699095,0.00020224376661936468,-0.00020224376661936468
48,0.8454373021852095,0.8454373021852095,1.0590495022965938,1.0590495022965938,0.0014911136632471344,0.0014911136632471344
49,-0.5961121879380177,0.5961121879380177,-1.088958570529532,1.088958570529532,-0.0030500078930754773,0.0030500078930754773
50,0.6265178972935874,0.6265178972935874,0.7060630375745072,0.7060630375745072,0.0009616634094324616,0.0009616634094324616
